Date,Open,High,Low,Close,Volume
5-Mar-03,16.66,17.09,16.60,16.98,49337000
4-Mar-03,16.69,16.91,16.48,16.62,50779600
3-Mar-03,17.13,17.31,16.58,16.66,58274100
28-Feb-03,16.98,17.29,16.81,17.25,65249200
27-Feb-03,16.38,16.77,16.30,16.70,50289500
26-Feb-03,16.52,16.85,16.11,16.24,53413000
25-Feb-03,16.29,16.79,16.00,16.73,58507600
24-Feb-03,16.68,17.10,16.52,16.54,49143300
21-Feb-03,17.04,17.05,16.42,16.79,61341900
20-Feb-03,17.08,17.10,16.82,16.96,52122900
19-Feb-03,16.99,17.06,16.50,16.78,51793600
18-Feb-03,16.41,16.75,16.18,16.73,50500400
14-Feb-03,15.68,16.20,15.53,16.15,54749800
13-Feb-03,15.33,15.60,15.10,15.53,54625400
12-Feb-03,15.28,15.42,15.11,15.15,38401800
11-Feb-03,15.39,15.53,15.06,15.34,47251200
10-Feb-03,15.07,15.45,14.88,15.27,52977000
7-Feb-03,15.53,15.63,14.89,15.05,49537900
6-Feb-03,15.49,15.71,15.26,15.41,47355000
5-Feb-03,15.77,16.15,15.50,15.58,50881700
4-Feb-03,15.55,15.76,15.31,15.62,41066900
3-Feb-03,15.63,15.96,15.48,15.76,43773800
31-Jan-03,15.37,15.83,15.12,15.64,65637900
30-Jan-03,16.61,16.68,15.74,15.76,55537500
29-Jan-03,15.92,16.67,15.68,16.64,63040400
28-Jan-03,16.08,16.26,15.78,16.01,58387000
27-Jan-03,15.47,16.11,15.46,15.86,56559500
24-Jan-03,16.42,16.47,15.73,15.83,60831600
23-Jan-03,16.51,16.76,16.17,16.65,51948900
22-Jan-03,16.19,16.67,16.13,16.23,60169100
21-Jan-03,16.25,16.57,16.21,16.27,57401500
17-Jan-03,16.87,16.93,16.26,16.32,67963800
16-Jan-03,17.43,17.51,17.09,17.18,54420100
15-Jan-03,17.92,17.99,17.32,17.33,99754800
14-Jan-03,17.54,17.82,17.32,17.77,80562500
13-Jan-03,17.83,17.96,17.21,17.36,66865000
10-Jan-03,17.02,17.48,16.84,17.40,54995200
9-Jan-03,16.86,17.36,16.84,17.04,58692700
8-Jan-03,17.15,17.28,16.57,16.66,55719700
7-Jan-03,17.49,17.63,16.98,17.34,63853500
6-Jan-03,16.68,17.44,16.58,17.16,57114300
3-Jan-03,16.65,16.83,16.32,16.52,50271500
2-Jan-03,16.00,16.71,15.64,16.67,57135100
31-Dec-02,15.69,15.80,15.40,15.55,49986600
30-Dec-02,16.42,16.53,15.72,15.74,56796600
27-Dec-02,16.56,16.82,16.27,16.38,31252300
26-Dec-02,16.87,17.22,16.61,16.67,29989200
24-Dec-02,17.00,17.13,16.76,16.76,21515900
23-Dec-02,16.84,17.38,16.81,17.19,35447500
20-Dec-02,17.14,17.39,16.93,16.99,69088400
19-Dec-02,16.96,17.46,16.63,16.98,59466800
18-Dec-02,17.52,17.58,17.00,17.11,54053300
17-Dec-02,18.17,18.29,17.73,17.87,52191400
16-Dec-02,17.67,18.22,17.58,18.20,51245600
13-Dec-02,17.83,17.98,17.54,17.56,53468200
12-Dec-02,18.39,18.56,17.93,18.17,54295800
11-Dec-02,17.92,18.39,17.74,18.14,55585900
10-Dec-02,17.81,18.48,17.70,18.11,58576400
9-Dec-02,18.43,18.48,17.62,17.66,71922900
6-Dec-02,18.59,19.00,18.36,18.69,71640400
5-Dec-02,20.04,20.12,18.86,18.94,87944700
4-Dec-02,19.38,20.02,19.28,19.64,75039800
3-Dec-02,20.87,20.88,20.12,20.28,53659700
2-Dec-02,21.85,22.06,20.74,21.02,83017000
29-Nov-02,21.16,21.27,20.57,20.85,20667400
27-Nov-02,20.54,21.07,20.37,20.87,50910900
26-Nov-02,20.48,20.67,19.97,20.17,70854100
25-Nov-02,20.02,20.53,19.87,20.45,53680200
22-Nov-02,19.78,20.36,19.58,20.02,59559700
21-Nov-02,19.38,20.34,19.33,20.18,90938900
20-Nov-02,18.22,19.15,18.06,19.13,64934300
19-Nov-02,18.29,18.56,17.99,18.13,51321400
18-Nov-02,19.06,19.16,18.46,18.53,52772600
15-Nov-02,18.46,18.90,18.08,18.78,73472600
14-Nov-02,18.85,19.27,18.58,19.19,64924500
13-Nov-02,17.60,18.21,17.51,18.10,65938300
12-Nov-02,17.50,18.29,17.48,17.77,54639500
11-Nov-02,17.94,18.14,17.25,17.32,40879200
8-Nov-02,18.35,18.86,18.03,18.13,49747500
7-Nov-02,18.66,19.06,18.18,18.42,66486000
6-Nov-02,18.47,19.21,18.22,19.13,81286600
5-Nov-02,18.34,18.75,17.69,18.33,71532500
4-Nov-02,18.83,19.18,18.39,18.73,80962600
1-Nov-02,17.06,18.44,16.87,18.26,85017800
31-Oct-02,17.07,17.47,16.78,17.26,77160500
30-Oct-02,16.54,17.34,16.35,16.95,80766700
29-Oct-02,16.66,16.89,16.01,16.36,79050400
28-Oct-02,17.09,17.24,16.50,16.77,85986500
25-Oct-02,15.65,16.56,15.55,16.55,69819200
24-Oct-02,16.31,16.62,15.53,15.59,86356300
23-Oct-02,15.03,16.24,14.98,16.12,91799700
22-Oct-02,14.82,15.43,14.71,15.08,74188700
21-Oct-02,14.19,15.49,14.12,15.41,87945600
18-Oct-02,14.21,14.47,13.66,14.43,73323700
17-Oct-02,14.19,14.26,13.88,14.20,103266700
16-Oct-02,13.50,14.09,13.39,13.51,155210300
15-Oct-02,15.90,16.51,15.08,16.48,109131100
14-Oct-02,14.89,15.15,14.57,15.06,48236600
11-Oct-02,14.36,15.21,14.12,15.18,77757500
10-Oct-02,13.46,14.39,13.46,14.15,83505000
9-Oct-02,12.97,13.78,12.92,13.43,81753200
8-Oct-02,14.01,14.06,13.06,13.19,85399200
7-Oct-02,13.70,14.23,13.61,13.79,56912400
4-Oct-02,14.12,14.30,13.56,13.68,65440500
3-Oct-02,14.26,14.56,13.77,13.81,61416800
2-Oct-02,14.74,15.17,14.21,14.27,78381500
1-Oct-02,14.02,14.67,13.82,14.64,68218600
30-Sep-02,14.22,14.26,13.64,13.86,76123100
27-Sep-02,14.95,15.25,14.46,14.59,65195700
26-Sep-02,15.60,15.65,14.70,15.11,72311200
25-Sep-02,14.53,15.45,14.40,15.16,72720800
24-Sep-02,13.97,14.96,13.87,14.31,84156500
23-Sep-02,14.69,14.70,14.07,14.10,62986100
20-Sep-02,15.07,15.14,14.79,14.87,76653900
19-Sep-02,14.98,15.51,14.87,14.94,56278400
18-Sep-02,15.18,15.61,14.96,15.24,51894800
17-Sep-02,16.12,16.31,15.46,15.53,55756400
16-Sep-02,15.95,16.10,15.50,15.66,41224000
13-Sep-02,15.66,16.16,15.60,15.99,44670900
12-Sep-02,16.32,16.34,15.63,15.66,48750200
11-Sep-02,16.69,17.00,16.54,16.58,45864800
10-Sep-02,16.15,16.60,16.06,16.43,57279400
9-Sep-02,15.99,16.30,15.65,16.04,51444400
6-Sep-02,16.36,16.51,16.07,16.18,77957400
5-Sep-02,15.77,15.79,14.99,15.07,86969600
4-Sep-02,15.77,16.13,15.54,16.07,66790200
3-Sep-02,16.43,16.46,15.81,15.82,58140400
30-Aug-02,16.85,17.04,16.61,16.63,32857100
29-Aug-02,16.54,17.41,16.47,17.10,50516700
28-Aug-02,17.07,17.40,16.73,16.80,55663700
27-Aug-02,17.87,17.92,17.11,17.14,60623500
26-Aug-02,18.06,18.18,17.57,18.09,46069000
23-Aug-02,18.80,18.80,17.85,17.92,48371600
22-Aug-02,19.38,19.45,18.85,19.11,55744000
21-Aug-02,19.18,19.62,18.76,19.54,57883400
20-Aug-02,19.14,19.27,18.71,18.93,45347100
19-Aug-02,18.57,19.58,18.40,19.41,51720400
16-Aug-02,18.02,18.98,17.94,18.71,54921500
15-Aug-02,18.30,18.76,17.98,18.57,51558800
14-Aug-02,16.88,18.28,16.68,18.25,55038600
13-Aug-02,17.36,17.95,16.65,16.66,48730600
12-Aug-02,17.16,17.57,16.96,17.49,35477300
9-Aug-02,17.88,18.22,17.58,17.82,45576200
8-Aug-02,17.55,18.38,16.99,18.34,60914400
7-Aug-02,17.95,18.11,16.59,17.68,71381700
6-Aug-02,16.29,17.89,16.13,17.09,83272800
5-Aug-02,16.64,16.97,15.78,15.84,59625800
2-Aug-02,17.50,17.50,16.46,16.65,55576300
1-Aug-02,18.65,18.78,17.40,17.50,55134100
31-Jul-02,18.85,18.90,17.95,18.72,54030300
30-Jul-02,18.50,19.04,18.19,18.90,60407100
29-Jul-02,18.27,18.83,17.94,18.82,55085100
26-Jul-02,17.62,18.14,16.96,17.75,57020100
25-Jul-02,18.20,18.63,17.04,17.42,80606500
24-Jul-02,17.19,18.65,16.97,18.63,83101300
23-Jul-02,18.33,18.67,17.70,17.75,71030900
22-Jul-02,18.40,19.13,18.19,18.20,77366100
19-Jul-02,18.63,19.39,18.43,18.58,62042100
18-Jul-02,19.19,19.68,18.93,19.12,57109500
17-Jul-02,19.23,19.81,18.74,19.37,96553800
16-Jul-02,18.49,19.38,18.08,18.30,98863000
15-Jul-02,17.98,19.08,17.37,19.05,79892000
12-Jul-02,18.73,18.81,17.65,17.93,74887900
11-Jul-02,16.68,18.24,16.45,18.19,89828400
10-Jul-02,18.20,18.22,16.71,16.75,73848000
9-Jul-02,18.22,18.38,17.69,17.90,53507600
8-Jul-02,19.19,19.51,18.01,18.43,57648600
5-Jul-02,18.63,19.54,18.53,19.47,34149100
3-Jul-02,16.21,17.72,16.20,17.69,63562800
2-Jul-02,17.40,17.75,16.40,16.51,77807700
1-Jul-02,18.29,18.70,17.43,17.48,48681300
28-Jun-02,18.64,19.25,18.05,18.21,63858200
27-Jun-02,18.83,18.89,17.81,18.58,72620200
26-Jun-02,17.44,18.82,17.39,18.54,84988500
25-Jun-02,19.72,19.91,18.24,18.26,68249700
24-Jun-02,18.35,19.89,18.33,19.26,70345000
21-Jun-02,19.01,19.57,18.33,18.66,80815300
20-Jun-02,20.05,20.53,19.15,19.17,76656900
19-Jun-02,20.89,21.14,19.95,20.02,65481800
18-Jun-02,22.06,22.91,21.93,21.94,51943800
17-Jun-02,21.58,22.49,21.27,22.48,53044600
14-Jun-02,20.48,21.30,19.99,21.20,50410100
13-Jun-02,21.53,21.89,20.93,21.04,49372400
12-Jun-02,20.04,21.52,19.93,21.50,76957400
11-Jun-02,21.36,21.81,20.11,20.15,69932400
10-Jun-02,22.20,22.21,20.92,21.00,67962100
7-Jun-02,22.26,22.67,21.62,21.92,151697500
6-Jun-02,27.40,27.48,26.61,26.90,53854700
5-Jun-02,27.50,28.10,26.79,28.08,41646700
4-Jun-02,26.14,27.42,26.13,27.40,49303700
3-Jun-02,27.33,27.62,26.35,26.53,34869600
31-May-02,27.82,28.33,27.31,27.52,38515500
30-May-02,26.91,27.61,26.51,27.32,40982400
29-May-02,27.78,27.89,27.15,27.17,35346600
28-May-02,28.46,28.52,27.57,28.25,42888200
24-May-02,28.69,28.90,28.30,28.56,26029600
23-May-02,29.55,29.69,28.34,29.29,42332100
22-May-02,28.81,29.57,28.61,29.49,41216600
21-May-02,30.09,30.23,28.86,28.97,48063600
20-May-02,30.49,30.69,29.81,30.08,37234800
17-May-02,30.89,31.25,30.48,31.09,53195200
16-May-02,30.11,30.68,29.80,30.66,37284100
15-May-02,29.58,30.89,29.40,30.13,53419600
14-May-02,29.81,30.24,29.27,30.04,57087400
13-May-02,27.10,28.46,27.01,28.42,40695200
10-May-02,28.36,28.51,26.82,26.91,43997500
9-May-02,28.55,28.75,27.70,28.14,41394900
8-May-02,27.14,28.96,26.97,28.88,58152400
7-May-02,26.06,26.88,25.47,26.06,55914400
6-May-02,26.41,26.90,25.66,25.69,44269700
3-May-02,27.75,27.85,26.40,26.47,50945400
2-May-02,28.39,29.10,27.65,27.75,41815600
1-May-02,28.45,28.93,27.42,28.51,46014800
30-Apr-02,27.89,29.13,27.78,28.49,45052800
29-Apr-02,28.05,28.33,27.39,27.92,40652200
26-Apr-02,29.30,29.33,27.98,28.00,39343600
25-Apr-02,28.54,29.35,28.05,28.97,49886000
24-Apr-02,29.53,29.86,28.76,28.79,38224600
23-Apr-02,30.04,30.21,29.24,29.41,42582500
22-Apr-02,29.81,30.09,29.40,29.93,34145800
19-Apr-02,30.69,30.72,29.93,29.97,34806900
18-Apr-02,30.41,30.80,29.73,30.32,45465200
17-Apr-02,31.07,31.15,30.18,30.51,63790400
16-Apr-02,28.96,29.67,28.86,29.38,60448200
15-Apr-02,28.09,28.60,27.64,27.99,42941400
12-Apr-02,29.03,29.03,27.95,28.27,40682600
11-Apr-02,28.71,29.31,28.39,28.82,42024500
10-Apr-02,28.53,29.26,27.89,29.14,60569500
9-Apr-02,29.78,30.11,28.29,28.34,61982800
8-Apr-02,28.92,29.91,28.38,29.80,45247300
5-Apr-02,30.55,30.57,29.67,29.92,32757200
4-Apr-02,29.92,30.55,29.82,30.46,43744800
3-Apr-02,29.95,30.16,29.26,29.74,42763300
2-Apr-02,30.45,30.77,29.89,29.90,37849000
1-Apr-02,30.01,31.32,29.89,31.04,32592200
28-Mar-02,30.68,31.12,30.25,30.28,33005100
27-Mar-02,30.34,30.37,29.82,30.28,38028800
26-Mar-02,29.88,30.91,29.82,30.64,37563100
25-Mar-02,30.57,30.84,29.83,29.87,42929400
22-Mar-02,30.97,31.08,30.33,30.46,33576400
21-Mar-02,30.46,31.36,30.33,31.27,36841700
20-Mar-02,30.45,30.58,29.89,30.40,51105500
19-Mar-02,31.58,32.02,31.13,31.59,33498000
18-Mar-02,31.79,32.11,31.11,31.49,38894600
15-Mar-02,30.74,31.71,30.67,31.60,49693300
14-Mar-02,31.13,31.52,30.67,30.84,39862300
13-Mar-02,31.87,31.92,30.92,31.21,56552400
12-Mar-02,32.33,32.88,32.17,32.85,37674800
11-Mar-02,33.68,33.94,33.02,33.28,40275400
8-Mar-02,33.05,34.10,32.70,34.02,70218400
7-Mar-02,33.37,33.47,31.90,32.84,55171900
6-Mar-02,32.70,32.94,31.99,32.82,44898700
5-Mar-02,32.37,33.15,32.26,32.56,68035700
4-Mar-02,30.82,31.74,29.75,31.71,57664400
1-Mar-02,28.97,30.88,28.87,30.85,58489400
28-Feb-02,29.98,29.98,28.38,28.43,64454700
27-Feb-02,30.42,30.94,29.16,29.76,57714000
26-Feb-02,31.12,31.31,29.62,29.89,61576000
25-Feb-02,29.63,31.38,29.60,30.89,52400300
22-Feb-02,29.38,29.97,29.05,29.40,56059600
21-Feb-02,30.21,30.55,29.35,29.35,76409400
20-Feb-02,31.37,31.46,29.82,31.31,63430900
19-Feb-02,31.60,32.03,31.05,31.21,44224000
15-Feb-02,33.28,33.53,31.81,32.15,47587600
14-Feb-02,33.49,34.20,33.17,33.20,44874100
13-Feb-02,33.06,33.56,32.92,33.24,36786800
12-Feb-02,32.97,33.34,32.50,32.83,37593400
11-Feb-02,32.10,33.49,31.98,33.43,37651700
8-Feb-02,32.37,32.46,31.25,32.38,60722800
7-Feb-02,32.66,33.16,31.96,32.17,46596000
6-Feb-02,33.63,33.66,32.39,32.78,51612200
5-Feb-02,33.66,34.24,33.26,33.66,40974500
4-Feb-02,34.46,34.46,33.50,33.82,38594200
1-Feb-02,34.65,34.90,33.90,34.50,39369800
31-Jan-02,34.44,34.98,34.15,34.87,63035000
30-Jan-02,32.71,33.73,32.30,33.70,47008900
29-Jan-02,33.73,34.13,32.34,32.52,44733000
28-Jan-02,33.67,34.14,33.16,33.76,29919400
25-Jan-02,32.71,33.99,32.59,33.52,35832800
24-Jan-02,32.76,33.44,32.40,33.04,53902500
23-Jan-02,31.51,32.45,31.47,32.29,49429000
22-Jan-02,33.39,33.43,31.41,31.55,52957100
18-Jan-02,33.39,34.13,33.00,33.32,51643600
17-Jan-02,33.89,34.58,33.44,34.36,50498800
16-Jan-02,33.80,34.42,33.52,33.55,76428600
15-Jan-02,34.77,34.81,33.93,34.51,57115500
14-Jan-02,34.13,35.02,33.94,34.67,58696400
11-Jan-02,34.65,34.94,34.09,34.38,39583200
10-Jan-02,35.26,35.30,34.33,34.48,51679400
9-Jan-02,35.79,36.60,34.86,35.19,59083800
8-Jan-02,35.17,35.80,34.78,35.41,35636600
7-Jan-02,35.85,36.07,34.85,35.10,48808800
4-Jan-02,36.02,36.17,35.15,35.62,65032900
3-Jan-02,33.34,35.45,33.24,35.35,91464500
2-Jan-02,31.75,32.84,31.58,32.84,42357300
31-Dec-01,31.99,32.25,31.26,31.30,27975400
28-Dec-01,32.78,33.15,31.96,32.08,27584200
27-Dec-01,32.25,32.82,32.20,32.51,22443900
26-Dec-01,31.89,32.96,31.87,32.13,23231600
24-Dec-01,32.00,32.24,31.85,31.87,8673800
21-Dec-01,32.06,32.58,31.82,32.25,57817500
20-Dec-01,32.69,33.04,31.81,31.83,49423400
19-Dec-01,33.17,33.80,32.88,32.89,39961400
18-Dec-01,33.98,34.16,33.20,33.65,39780800
17-Dec-01,32.94,33.93,32.84,33.81,39108700
14-Dec-01,32.43,33.62,32.11,33.11,46155500
13-Dec-01,33.12,33.56,32.34,32.41,51006500
12-Dec-01,33.13,33.97,32.95,33.92,50047800
11-Dec-01,33.19,33.97,32.89,33.03,46751600
10-Dec-01,32.73,33.46,32.69,32.79,41557600
7-Dec-01,33.99,34.33,32.59,33.08,59279300
6-Dec-01,34.33,34.61,33.59,33.99,58338000
5-Dec-01,32.90,34.68,32.88,34.44,75429600
4-Dec-01,32.04,32.74,31.69,32.70,44357600
3-Dec-01,32.13,32.72,31.82,31.89,43008300
30-Nov-01,32.07,32.75,31.53,32.50,42399600
29-Nov-01,31.84,32.26,31.01,32.16,45961000
28-Nov-01,31.77,32.39,31.46,31.61,61282400
27-Nov-01,31.36,32.83,30.75,32.15,80781000
26-Nov-01,31.28,31.96,31.16,31.72,53246100
23-Nov-01,30.43,31.10,30.17,30.91,17574100
21-Nov-01,29.40,30.69,29.34,30.66,55275700
20-Nov-01,30.56,30.64,29.69,29.81,41297200
19-Nov-01,30.66,31.15,29.77,30.84,47857300
16-Nov-01,30.48,30.80,30.00,30.48,39647000
15-Nov-01,30.67,31.33,30.31,30.63,58207300
14-Nov-01,30.32,31.44,29.76,31.17,78499200
13-Nov-01,28.92,29.91,28.81,29.90,68022300
12-Nov-01,27.48,28.63,26.64,28.24,47878400
9-Nov-01,28.04,28.16,27.47,27.75,40852500
8-Nov-01,28.73,29.26,27.79,28.14,64845900
7-Nov-01,27.77,28.94,27.62,28.15,59713700
6-Nov-01,26.66,28.14,26.57,28.11,63152300
5-Nov-01,26.62,27.15,26.52,26.83,42474800
2-Nov-01,25.80,26.58,25.36,26.15,49877700
1-Nov-01,24.39,25.82,24.11,25.79,54534000
31-Oct-01,23.80,25.15,23.31,24.28,64549300
30-Oct-01,23.64,24.26,23.11,23.41,52532700
29-Oct-01,25.46,25.75,24.03,24.04,46369900
26-Oct-01,25.86,26.35,25.41,25.72,45505200
25-Oct-01,24.86,26.07,24.17,25.95,56318500
24-Oct-01,25.05,25.78,24.78,25.34,41092700
23-Oct-01,25.28,25.85,24.75,24.86,41881700
22-Oct-01,23.99,25.23,23.63,25.16,46022200
19-Oct-01,23.86,24.42,23.48,24.01,42197000
18-Oct-01,24.46,24.47,23.57,23.92,49862900
17-Oct-01,25.99,26.08,24.36,24.43,91448800
16-Oct-01,24.39,24.96,24.03,24.82,53540600
15-Oct-01,24.35,24.38,23.50,24.24,44391600
12-Oct-01,24.17,24.99,24.09,24.88,64736500
11-Oct-01,23.26,24.54,23.22,24.37,76342800
10-Oct-01,21.31,23.07,21.25,22.93,52538600
9-Oct-01,21.92,22.11,20.98,21.33,42528700
8-Oct-01,21.26,22.39,21.15,22.12,36853400
5-Oct-01,21.39,21.93,20.43,21.84,49112300
4-Oct-01,21.61,22.45,20.88,21.43,67181500
3-Oct-01,19.19,21.53,18.97,21.11,75582600
2-Oct-01,19.89,19.97,19.26,19.43,52207600
1-Oct-01,20.10,20.17,19.59,19.90,44631700
28-Sep-01,20.62,20.86,19.99,20.33,72640600
27-Sep-01,20.79,21.24,19.46,20.43,58791700
26-Sep-01,21.60,21.73,20.60,20.78,48082100
25-Sep-01,21.44,21.84,20.67,21.56,65914600
24-Sep-01,19.89,21.60,19.39,21.19,79136200
21-Sep-01,18.90,20.63,18.85,19.19,116397800
20-Sep-01,21.34,22.15,20.39,20.55,70338800
19-Sep-01,23.43,23.56,20.74,22.16,86255200
18-Sep-01,23.75,24.34,23.07,23.34,56115100
17-Sep-01,24.12,24.86,23.37,23.46,81412400
10-Sep-01,25.39,25.95,25.32,25.92,51654400
7-Sep-01,26.01,26.83,25.59,25.75,72749200
6-Sep-01,26.61,27.47,25.66,25.95,81642600
5-Sep-01,26.79,27.54,26.19,27.32,71243200
4-Sep-01,27.41,27.93,26.70,26.70,54390700
31-Aug-01,26.87,27.97,26.86,27.80,38127600
30-Aug-01,27.35,27.67,26.73,26.98,44788800
29-Aug-01,28.70,28.76,27.58,27.94,37922200
28-Aug-01,29.06,29.49,28.27,28.35,54856600
27-Aug-01,28.86,29.72,28.44,28.99,27995600
24-Aug-01,27.89,28.98,27.69,28.92,38858200
23-Aug-01,27.73,28.21,27.47,27.52,32548500
22-Aug-01,27.44,27.84,26.85,27.80,42316100
21-Aug-01,28.17,28.35,26.90,26.92,35088800
20-Aug-01,27.91,28.52,27.74,28.04,36548500
17-Aug-01,29.01,29.22,27.63,27.91,60330900
16-Aug-01,29.25,30.01,28.92,29.99,38692500
15-Aug-01,30.11,30.58,29.53,29.61,33348300
14-Aug-01,30.54,30.68,30.07,30.18,27561900
13-Aug-01,30.50,30.55,29.91,30.39,30830500
10-Aug-01,29.35,30.02,28.83,29.78,33800700
9-Aug-01,29.33,29.86,29.02,29.48,35734300
8-Aug-01,30.22,31.02,29.23,29.44,49096000
7-Aug-01,29.78,30.83,29.60,30.45,44101300
6-Aug-01,30.26,30.51,29.87,30.11,54176800
3-Aug-01,31.87,31.90,31.08,31.50,35671500
2-Aug-01,31.21,32.03,31.14,31.91,74140400
1-Aug-01,30.43,30.79,30.09,30.56,45023900
31-Jul-01,28.98,30.23,28.85,29.62,50354000
30-Jul-01,29.33,29.56,28.62,28.86,30514600
27-Jul-01,29.43,29.66,28.83,29.04,35482900
26-Jul-01,28.92,29.71,28.62,29.59,46221000
25-Jul-01,28.79,29.30,28.01,29.24,35538100
24-Jul-01,28.53,29.41,28.25,28.70,38032700
23-Jul-01,29.78,30.04,28.73,28.82,35057400
20-Jul-01,29.23,29.84,28.75,29.74,50444200
19-Jul-01,29.41,30.03,29.25,29.77,54602300
18-Jul-01,28.69,29.96,28.34,28.71,71663500
17-Jul-01,28.39,29.75,27.91,29.71,104487600
16-Jul-01,29.84,30.56,28.59,28.95,65739200
13-Jul-01,29.82,30.19,29.07,30.00,42796300
12-Jul-01,29.17,30.00,28.87,29.91,49223400
11-Jul-01,27.48,28.32,26.83,27.89,50333800
10-Jul-01,27.62,28.99,27.29,27.62,41241500
9-Jul-01,28.35,29.25,27.94,28.72,30139400
6-Jul-01,28.96,29.66,28.12,28.25,37375700
5-Jul-01,29.89,30.81,29.61,29.65,35630900
3-Jul-01,29.75,30.50,29.47,30.27,22120800
2-Jul-01,29.40,30.35,28.98,29.87,38578300
29-Jun-01,29.62,30.58,28.57,29.07,49436600
28-Jun-01,29.05,30.31,29.02,29.46,54522800
27-Jun-01,28.82,29.03,28.16,28.47,33729600
26-Jun-01,27.92,28.89,27.86,28.79,34780200
25-Jun-01,27.83,28.51,27.30,28.40,28358600
22-Jun-01,27.30,28.12,27.10,27.34,30366800
21-Jun-01,27.18,27.92,26.78,27.10,45895500
20-Jun-01,26.15,27.49,26.10,27.32,43070200
19-Jun-01,28.35,28.61,25.98,26.50,60427600
18-Jun-01,27.70,28.36,27.26,27.38,27854300
15-Jun-01,27.17,28.12,26.94,27.51,54910400
14-Jun-01,28.38,28.92,27.39,27.44,41913100
13-Jun-01,29.69,29.94,28.82,28.88,41032400
12-Jun-01,29.52,30.02,28.82,29.94,54088900
11-Jun-01,29.98,30.32,29.24,30.14,41072800
8-Jun-01,31.69,31.73,29.81,30.48,68334700
7-Jun-01,29.53,31.04,29.49,30.95,75686000
6-Jun-01,29.27,30.50,28.87,29.63,72646300
5-Jun-01,28.68,29.76,28.67,29.55,51625800
4-Jun-01,28.94,29.32,27.89,28.32,37894700
1-Jun-01,27.09,28.89,27.02,28.56,60601900
31-May-01,26.86,27.41,26.67,26.84,38761100
30-May-01,27.17,27.53,26.24,26.43,47272800
29-May-01,28.78,28.84,27.61,27.68,37797600
25-May-01,29.26,29.37,28.50,28.92,29592100
24-May-01,28.66,29.22,27.95,29.03,47217900
23-May-01,29.19,30.06,28.38,28.62,53488500
22-May-01,30.00,30.24,29.22,29.35,39665300
21-May-01,28.19,29.82,28.01,29.71,44417800
18-May-01,28.35,28.96,27.82,28.58,34775000
17-May-01,28.60,29.01,27.83,28.42,56376100
16-May-01,26.83,28.32,26.34,28.18,59906400
15-May-01,27.45,27.93,26.76,27.03,47310800
14-May-01,27.88,27.98,26.54,27.24,41994500
11-May-01,28.85,29.06,27.62,27.77,47531600
10-May-01,30.29,30.35,28.72,28.83,49116200
9-May-01,30.80,30.80,29.12,29.74,61622800
8-May-01,31.29,31.60,30.71,31.28,41514400
7-May-01,30.86,31.48,30.15,30.97,33647800
4-May-01,29.71,30.86,29.12,30.69,35393400
3-May-01,30.95,31.01,29.92,30.21,37080900
2-May-01,31.67,32.28,30.99,31.72,45022200
1-May-01,30.56,31.20,29.91,30.97,37209500
30-Apr-01,30.64,31.43,30.32,30.70,41266300
27-Apr-01,29.40,30.02,28.85,29.97,42007500
26-Apr-01,30.02,30.15,28.40,28.44,53730100
25-Apr-01,28.80,29.16,27.31,28.83,64640600
24-Apr-01,29.74,30.83,28.70,28.94,50134100
23-Apr-01,30.86,31.09,29.45,30.11,58508800
20-Apr-01,31.75,32.35,31.05,32.21,62659300
19-Apr-01,30.58,32.30,30.24,32.27,85981400
18-Apr-01,29.02,31.97,28.40,31.07,49959200
17-Apr-01,25.08,26.55,25.01,25.86,74191900
16-Apr-01,26.59,26.62,25.35,26.12,59342200
12-Apr-01,27.27,28.32,26.13,27.93,54027200
11-Apr-01,27.71,28.10,26.99,27.33,91360800
10-Apr-01,23.32,24.93,23.19,24.60,55847600
9-Apr-01,23.53,24.03,22.10,23.04,60543900
6-Apr-01,24.89,25.06,22.84,23.46,73969200
5-Apr-01,24.08,25.63,23.93,25.44,67717700
4-Apr-01,24.52,24.92,22.29,22.47,84559100
3-Apr-01,25.14,26.19,24.67,24.83,57244800
2-Apr-01,25.88,26.69,24.89,25.62,44928600
30-Mar-01,26.44,26.57,25.14,26.13,47301100
29-Mar-01,26.69,27.37,25.57,26.38,64854100
28-Mar-01,28.49,29.11,26.63,26.76,73000000
27-Mar-01,28.18,29.50,27.87,29.17,72649100
26-Mar-01,29.30,29.36,27.68,28.12,64436100
23-Mar-01,29.49,29.55,27.50,28.61,84799100
22-Mar-01,25.94,28.61,25.88,28.49,94024200
21-Mar-01,24.58,26.57,24.45,25.39,68554800
20-Mar-01,27.18,27.25,24.39,24.45,64431700
19-Mar-01,27.31,27.56,25.20,26.88,76659800
16-Mar-01,28.25,28.61,27.50,27.68,59073400
15-Mar-01,29.55,29.74,28.25,28.31,40753300
14-Mar-01,28.18,29.67,27.81,28.86,57451600
13-Mar-01,28.06,29.42,27.56,29.17,52031200
12-Mar-01,28.31,29.17,27.37,27.56,59601900
9-Mar-01,29.98,30.38,28.80,29.24,95275300
8-Mar-01,32.71,33.46,32.47,33.02,64904800
7-Mar-01,32.53,33.46,31.47,32.71,77834200
6-Mar-01,31.40,32.66,31.23,31.28,59736600
5-Mar-01,29.67,30.54,29.30,30.16,33278900
2-Mar-01,28.31,30.91,28.18,29.11,54629700
1-Mar-01,28.06,29.05,26.88,28.92,56273000
28-Feb-01,29.17,29.98,27.81,28.36,48602200
27-Feb-01,29.30,30.66,28.80,28.80,40791400
26-Feb-01,30.35,30.49,28.25,29.30,60355000
23-Feb-01,30.16,30.54,28.31,29.74,63563000
22-Feb-01,30.73,31.34,29.42,29.79,58521600
21-Feb-01,30.79,32.53,30.29,30.54,51583400
20-Feb-01,33.83,33.90,31.16,31.23,52401400
16-Feb-01,34.51,35.07,33.40,34.15,41546100
15-Feb-01,35.20,36.25,34.89,35.57,58337000
14-Feb-01,32.34,34.31,31.72,33.90,47443600
13-Feb-01,33.90,35.01,32.16,32.22,41911200
12-Feb-01,33.46,34.95,33.40,34.32,30483100
9-Feb-01,34.08,35.32,33.21,33.27,40893300
8-Feb-01,35.14,35.88,34.32,34.39,42904100
7-Feb-01,34.76,35.81,33.65,34.70,53152500
6-Feb-01,34.32,35.69,34.24,35.20,40334400
5-Feb-01,34.82,35.07,33.44,34.45,39188000
2-Feb-01,37.39,37.95,35.24,35.43,47151900
1-Feb-01,36.79,37.66,36.23,37.53,50300900
31-Jan-01,37.03,38.30,36.23,36.73,71896600
30-Jan-01,37.10,37.91,36.54,36.73,60810000
29-Jan-01,34.99,37.10,34.49,36.79,49094400
26-Jan-01,33.88,35.79,33.50,35.61,48065800
25-Jan-01,35.55,35.79,34.06,34.24,45890600
24-Jan-01,35.43,36.79,34.93,35.98,73584200
23-Jan-01,33.19,35.62,32.51,35.12,84556100
22-Jan-01,32.45,33.63,32.26,33.13,45760300
19-Jan-01,33.13,34.37,32.07,33.31,81353900
18-Jan-01,30.71,32.07,29.78,31.95,86635200
17-Jan-01,32.76,32.82,29.90,30.27,7431600
16-Jan-01,31.95,32.14,30.77,31.14,60301700
12-Jan-01,33.31,33.56,31.57,31.89,51377000
11-Jan-01,32.14,34.00,31.76,33.13,64957200
10-Jan-01,31.39,33.13,30.89,32.76,51496700
9-Jan-01,32.29,32.70,31.63,32.01,40816900
8-Jan-01,31.27,32.07,30.39,31.70,45071200
5-Jan-01,33.81,34.37,31.52,31.82,44977300
4-Jan-01,33.75,35.12,32.45,33.55,68774100
3-Jan-01,29.90,34.37,29.90,33.98,78293000
2-Jan-01,30.46,31.63,30.03,30.83,50344500
29-Dec-00,30.71,31.21,29.59,29.84,54055600
28-Dec-00,31.89,32.45,29.84,30.71,49344800
27-Dec-00,32.45,33.44,32.07,32.32,33622300
26-Dec-00,32.89,33.63,31.76,32.64,28439700
22-Dec-00,33.38,34.74,31.76,32.70,45426400
21-Dec-00,31.76,34.20,31.39,32.89,51590000
20-Dec-00,32.70,33.88,31.27,31.70,63151200
19-Dec-00,33.50,35.98,33.06,33.19,54733600
18-Dec-00,33.94,34.24,32.18,33.00,38559500
15-Dec-00,34.30,34.49,32.07,32.20,80846100
14-Dec-00,35.30,36.36,34.24,34.87,33712500
13-Dec-00,37.47,37.60,34.93,35.24,48725300
12-Dec-00,36.67,37.64,36.11,36.23,48171200
11-Dec-00,34.87,37.91,34.06,37.16,73075000
8-Dec-00,34.49,34.62,32.76,33.75,88022200
7-Dec-00,32.20,33.00,31.21,32.07,68265600
6-Dec-00,35.05,35.05,31.02,31.52,102013100
5-Dec-00,34.37,36.23,33.75,35.73,75072200
4-Dec-00,34.87,35.08,31.82,32.70,82759100
1-Dec-00,38.22,38.22,33.56,33.88,1158400
30-Nov-00,38.22,38.65,36.54,37.78,78958300
29-Nov-00,42.07,43.18,40.64,42.43,61412000
28-Nov-00,42.87,44.30,41.69,41.72,49701200
27-Nov-00,45.10,46.40,43.43,43.62,52925200
24-Nov-00,42.49,43.67,41.69,43.62,20686200
22-Nov-00,41.94,43.56,40.76,40.89,36704200
21-Nov-00,42.13,43.06,41.13,42.31,36760500
20-Nov-00,40.70,42.62,40.33,40.83,37499200
17-Nov-00,39.83,41.44,39.21,41.19,40989500
16-Nov-00,40.94,42.62,39.48,39.70,39525800
15-Nov-00,41.38,42.56,40.45,41.19,41962300
14-Nov-00,40.20,40.94,39.15,40.64,48681100
13-Nov-00,36.73,39.46,35.73,37.91,81395200
10-Nov-00,37.72,38.71,36.73,36.73,94080200
9-Nov-00,42.00,42.07,39.64,41.07,48867300
8-Nov-00,45.91,45.97,42.13,42.37,38076400
7-Nov-00,46.40,46.46,44.97,45.85,21045000
6-Nov-00,46.29,47.03,46.04,46.22,24585500
3-Nov-00,46.78,46.90,45.16,45.60,31105600
2-Nov-00,46.14,47.51,46.02,46.33,65512800
1-Nov-00,43.96,46.20,43.84,44.53,47657200
31-Oct-00,45.33,46.57,44.34,44.65,55796100
30-Oct-00,45.59,45.77,43.54,44.65,49111900
27-Oct-00,45.52,46.63,44.49,46.02,50202200
26-Oct-00,41.67,44.65,41.36,44.34,50813000
25-Oct-00,41.67,43.22,40.82,40.99,53229200
24-Oct-00,43.29,44.15,41.30,41.67,46940900
23-Oct-00,43.35,44.65,42.05,42.97,43749700
20-Oct-00,41.30,44.03,41.06,42.72,59905000
19-Oct-00,41.69,41.98,40.56,41.61,64251100
18-Oct-00,35.97,39.50,34.97,37.89,16790000
17-Oct-00,36.10,36.34,34.73,35.91,78643300
16-Oct-00,38.82,38.88,35.10,35.41,92062300
13-Oct-00,36.82,40.43,36.65,40.06,80913700
12-Oct-00,36.84,38.20,34.73,36.84,100214400
11-Oct-00,36.71,37.83,34.73,35.10,122060300
10-Oct-00,38.88,39.88,37.15,37.27,68884400
9-Oct-00,40.12,40.21,37.70,38.75,56547300
6-Oct-00,41.06,41.92,38.94,39.63,69737200
5-Oct-00,41.80,42.05,40.18,40.68,52073700
4-Oct-00,40.68,42.42,40.43,41.67,63729400
3-Oct-00,41.44,42.17,39.82,39.99,81210200
2-Oct-00,42.60,42.60,39.57,39.82,66788900
29-Sep-00,43.47,43.54,41.06,41.24,72988700
28-Sep-00,43.78,44.21,43.14,44.09,66744100
27-Sep-00,44.28,45.33,43.10,43.54,80368000
26-Sep-00,46.08,46.14,42.48,42.97,112682500
25-Sep-00,49.67,49.81,44.40,45.03,130217300
22-Sep-00,46.38,49.11,46.14,47.57,308736900
21-Sep-00,61.57,62.45,59.91,61.00,57113600
20-Sep-00,60.77,63.00,59.97,62.57,70339200
19-Sep-00,56.74,60.03,56.37,59.91,58858000
18-Sep-00,57.92,58.79,55.07,55.37,50771100
15-Sep-00,59.22,59.41,56.19,57.07,75679200
14-Sep-00,62.01,62.39,58.79,59.16,50494400
13-Sep-00,61.21,62.81,60.03,60.77,70073100
12-Sep-00,64.55,66.42,64.06,64.43,29001400
11-Sep-00,65.05,66.35,63.44,64.18,30512200
8-Sep-00,66.66,66.91,64.43,64.86,29682800
7-Sep-00,66.09,68.15,65.73,66.91,34719400
6-Sep-00,67.53,67.96,64.49,65.19,62347700
5-Sep-00,70.50,70.81,67.72,68.71,58399400
1-Sep-00,75.03,75.10,72.87,73.36,18323100
31-Aug-00,73.29,75.03,73.04,74.28,28531100
30-Aug-00,73.17,73.79,72.18,72.93,21770600
29-Aug-00,72.74,74.35,72.55,73.48,23024800
28-Aug-00,72.68,75.22,72.43,73.29,42760800
25-Aug-00,73.29,73.86,72.05,72.37,20846600
24-Aug-00,73.98,75.24,72.43,73.67,23354500
23-Aug-00,70.88,74.28,70.14,74.04,36180900
22-Aug-00,71.90,73.04,71.56,71.56,31695500
21-Aug-00,72.10,73.48,70.01,71.50,46026700
18-Aug-00,70.44,72.37,69.70,70.01,35798700
17-Aug-00,67.96,70.94,67.90,69.51,40499200
16-Aug-00,68.08,68.96,67.03,67.53,24614800
15-Aug-00,66.29,68.21,65.48,67.34,34466700
14-Aug-00,63.94,66.48,63.13,66.42,25667800
11-Aug-00,61.40,63.62,60.33,63.31,22515000
10-Aug-00,62.70,64.30,61.52,61.52,16683100
9-Aug-00,62.39,64.36,62.35,63.06,30073000
8-Aug-00,62.26,62.88,61.02,61.15,24900200
7-Aug-00,62.14,63.87,60.65,62.45,30636900
4-Aug-00,65.70,65.73,60.96,62.07,34945200
3-Aug-00,61.33,64.86,59.97,64.55,34941700
2-Aug-00,64.72,65.58,62.68,62.80,33230600
1-Aug-00,66.51,66.82,63.73,64.09,25001700
31-Jul-00,64.91,67.01,63.98,66.21,30471100
28-Jul-00,68.44,69.12,63.85,64.04,27720800
27-Jul-00,68.69,69.62,67.45,67.94,19613000
26-Jul-00,68.93,69.50,67.72,68.93,23325500
25-Jul-00,68.80,70.39,68.29,69.87,14812500
24-Jul-00,68.53,70.42,68.26,68.44,19922000
21-Jul-00,70.49,70.55,68.47,68.53,16045200
20-Jul-00,68.91,71.04,68.38,70.76,30246600
19-Jul-00,71.88,72.47,68.44,68.50,36096600
18-Jul-00,71.82,71.83,70.14,70.92,25342800
17-Jul-00,72.72,73.15,71.60,72.56,23290000
14-Jul-00,71.41,72.93,70.95,72.75,18739200
13-Jul-00,69.62,71.91,69.55,71.01,22592500
12-Jul-00,69.55,70.55,68.81,70.02,14913300
11-Jul-00,68.56,70.05,68.01,68.84,21391600
10-Jul-00,68.31,69.43,67.94,68.34,15677300
7-Jul-00,68.31,69.37,67.51,69.09,18645300
6-Jul-00,65.22,67.85,64.75,67.76,22454800
5-Jul-00,66.02,66.70,65.16,65.28,21004100
3-Jul-00,66.52,67.88,66.32,67.88,7543000
30-Jun-00,64.91,66.52,64.29,66.30,20718700
29-Jun-00,65.00,66.64,64.72,65.34,23572700
28-Jun-00,65.43,67.29,64.97,65.65,15319200
27-Jun-00,66.43,67.69,65.09,65.16,16688100
26-Jun-00,67.35,68.04,65.78,66.55,14953800
23-Jun-00,67.08,68.19,66.52,66.64,15161300
22-Jun-00,68.44,68.63,66.46,66.48,14852700
21-Jun-00,67.64,69.06,67.45,68.93,16448900
20-Jun-00,67.42,69.55,67.42,68.59,29295200
19-Jun-00,63.70,67.79,63.67,67.69,30610900
16-Jun-00,64.10,64.32,62.42,62.52,22044800
15-Jun-00,62.85,64.50,62.74,63.60,16708600
14-Jun-00,64.91,65.12,62.49,62.71,18506900
13-Jun-00,61.74,65.39,61.56,65.22,19565200
12-Jun-00,63.39,63.48,61.80,62.02,12975500
9-Jun-00,63.45,63.48,62.24,63.01,13765000
8-Jun-00,64.29,65.22,62.49,62.58,17200900
7-Jun-00,64.10,64.16,62.33,63.95,19880500
6-Jun-00,65.12,66.98,64.22,64.25,23714100
5-Jun-00,65.78,66.95,65.06,65.74,19592500
2-Jun-00,65.86,66.73,65.46,66.55,21333600
1-Jun-00,62.58,64.47,62.55,64.32,22994400
31-May-00,62.61,63.45,61.74,61.84,27047500
30-May-00,59.14,62.42,59.08,62.36,20886200
26-May-00,57.03,59.45,56.72,58.30,15428600
25-May-00,58.86,60.63,56.32,57.13,25246900
24-May-00,54.36,58.60,54.30,58.21,37741700
23-May-00,58.40,59.45,54.46,54.49,25194500
22-May-00,58.27,58.80,55.23,58.70,29627500
19-May-00,60.44,61.31,57.68,58.46,35986200
18-May-00,61.43,62.74,61.06,61.47,25071100
17-May-00,60.69,62.21,59.70,61.09,32772500
16-May-00,59.39,60.94,58.86,60.44,22236600
15-May-00,56.81,58.64,55.92,58.58,20554200
12-May-00,57.84,59.26,56.91,57.03,19217300
11-May-00,53.12,57.53,52.75,57.31,35135900
10-May-00,56.78,57.78,52.13,52.60,48614400
9-May-00,58.70,59.14,57.03,57.99,21530900
8-May-00,60.63,60.85,58.27,58.33,20473900
5-May-00,59.02,61.43,59.02,61.18,17113600
4-May-00,58.89,59.82,58.05,59.29,20493700
3-May-00,59.57,59.82,57.46,59.05,29496700
2-May-00,62.41,63.28,59.93,60.09,21938900
1-May-00,63.43,64.95,62.60,63.03,21197700
28-Apr-00,63.46,63.99,62.41,62.87,22172800
27-Apr-00,58.29,62.75,58.01,62.13,30546600
26-Apr-00,61.60,61.98,59.80,59.90,23789400
25-Apr-00,59.36,62.10,59.25,61.98,25671900
24-Apr-00,55.04,57.76,54.72,57.57,29160200
20-Apr-00,58.48,59.19,57.02,57.20,22904800
19-Apr-00,62.28,62.35,58.97,59.03,43693900
18-Apr-00,62.78,64.95,62.10,63.96,49284100
17-Apr-00,54.54,61.11,54.32,60.98,44440500
14-Apr-00,59.10,59.87,53.73,54.79,46400300
13-Apr-00,61.17,64.08,59.87,60.05,34711400
12-Apr-00,64.43,65.39,60.37,60.42,30087500
11-Apr-00,64.46,66.56,63.21,64.83,26538700
10-Apr-00,68.17,68.95,64.89,65.02,22427000
7-Apr-00,65.14,67.93,65.11,67.83,25683400
6-Apr-00,64.08,65.26,62.97,64.36,27570900
5-Apr-00,64.40,66.44,63.34,64.40,31051400
4-Apr-00,65.20,66.44,59.00,65.82,43671400
3-Apr-00,65.14,65.94,62.35,64.77,25039100
31-Mar-00,64.27,66.88,63.59,65.42,29221700
30-Mar-00,64.33,66.13,61.01,62.97,35825300
29-Mar-00,67.68,68.27,65.20,65.39,30664200
28-Mar-00,69.73,70.68,67.00,67.28,22433900
27-Mar-00,69.23,71.27,68.95,70.75,17884800
24-Mar-00,69.48,71.64,68.24,68.95,23454100
23-Mar-00,70.59,71.24,69.14,70.72,22800800
22-Mar-00,69.60,72.08,69.17,71.43,26850300
21-Mar-00,66.93,68.86,66.50,68.64,25618600
20-Mar-00,64.43,68.11,64.43,66.93,32582800
17-Mar-00,61.63,64.46,61.48,64.40,30428600
16-Mar-00,61.11,62.16,59.31,62.01,27490000
15-Mar-00,59.03,61.04,58.85,59.59,24452200
14-Mar-00,61.60,62.28,58.41,58.44,28393900
13-Mar-00,58.91,62.22,58.88,60.55,33725000
10-Mar-00,58.44,59.80,58.19,59.59,21753700
9-Mar-00,56.37,58.75,55.53,58.69,19192300
8-Mar-00,57.57,57.73,55.65,56.99,23198700
7-Mar-00,58.41,59.50,57.11,57.39,19963300
6-Mar-00,58.51,58.94,57.86,58.19,14019400
3-Mar-00,58.01,59.37,57.33,59.13,17143900
2-Mar-00,57.20,58.04,56.58,57.39,18237700
1-Mar-00,55.96,57.95,55.78,57.45,20410200
29-Feb-00,56.12,57.33,55.19,56.03,22211100
28-Feb-00,55.34,56.80,53.67,55.71,23711700
25-Feb-00,56.46,57.20,55.93,56.15,23154800
24-Feb-00,55.75,57.76,54.66,56.65,42676100
23-Feb-00,52.21,55.09,51.72,54.07,20421600
22-Feb-00,52.00,52.96,50.35,52.93,22900600
18-Feb-00,54.54,54.79,52.15,52.24,25187800
17-Feb-00,53.98,55.71,53.48,54.54,24337500
16-Feb-00,55.22,55.96,53.05,53.15,23027800
15-Feb-00,54.51,55.96,52.18,55.53,31388900
14-Feb-00,52.71,54.51,52.38,54.47,17191100
11-Feb-00,53.18,53.92,52.18,52.49,18882500
10-Feb-00,51.75,53.61,51.16,53.36,21775000
9-Feb-00,53.61,53.98,51.81,51.87,19311900
8-Feb-00,53.95,54.57,53.55,53.95,19014700
7-Feb-00,52.03,53.61,51.62,53.52,21407800
4-Feb-00,51.75,53.67,51.69,51.94,27980800
3-Feb-00,50.42,51.87,49.95,51.66,28064700
2-Feb-00,50.06,51.02,49.41,49.60,26040500
1-Feb-00,48.76,50.31,47.89,50.28,24028900
31-Jan-00,46.40,49.10,46.03,49.04,34230300
28-Jan-00,48.20,48.95,46.13,46.59,26962200
27-Jan-00,49.25,50.12,47.34,48.63,30741600
26-Jan-00,49.94,50.16,47.77,47.83,24654800
25-Jan-00,49.25,50.46,48.30,50.34,25692000
24-Jan-00,50.67,51.98,48.70,48.98,37419800
21-Jan-00,47.58,48.70,47.40,48.55,27784200
20-Jan-00,49.44,49.97,47.31,47.40,35001600
19-Jan-00,50.06,50.62,49.50,49.60,22786200
18-Jan-00,49.72,52.42,49.69,50.62,51050500
14-Jan-00,48.82,52.85,48.70,51.08,92204100
13-Jan-00,45.94,46.10,44.27,45.13,38053300
12-Jan-00,45.04,46.96,44.24,45.23,48665200
11-Jan-00,43.90,45.78,43.76,44.46,52741400
10-Jan-00,42.50,43.25,41.70,42.50,26815500
7-Jan-00,38.41,40.64,38.35,40.64,20552800
6-Jan-00,40.52,41.32,38.76,39.03,27588700
5-Jan-00,41.14,42.56,39.90,41.45,26197000
4-Jan-00,42.35,43.55,40.77,41.11,25515300
3-Jan-00,41.27,43.31,41.26,43.12,28858000
31-Dec-99,41.54,41.57,40.61,40.80,5789400
30-Dec-99,41.79,42.31,41.02,41.48,7444200
29-Dec-99,40.95,42.07,40.86,41.57,8013300
28-Dec-99,41.85,42.38,41.08,41.14,11733600
27-Dec-99,41.36,42.19,40.95,42.16,14308600
23-Dec-99,41.32,41.61,40.89,41.20,10821300
22-Dec-99,41.17,41.45,40.46,40.89,12465200
21-Dec-99,39.93,41.26,39.65,41.08,17338100
20-Dec-99,41.08,41.23,39.22,40.18,18128900
17-Dec-99,40.33,41.14,39.90,40.67,34737500
16-Dec-99,39.53,40.21,39.34,39.78,25080200
15-Dec-99,35.79,39.27,35.75,39.13,41025300
14-Dec-99,36.99,37.17,35.87,35.91,20872700
13-Dec-99,35.32,37.27,34.97,36.71,23903700
10-Dec-99,36.43,36.68,35.50,35.81,28121600
9-Dec-99,37.48,37.48,35.75,36.31,26915200
8-Dec-99,37.89,38.41,36.68,36.93,26340200
7-Dec-99,38.79,38.88,37.82,38.26,16831100
6-Dec-99,39.06,39.34,38.26,38.60,14320000
3-Dec-99,39.16,39.65,38.91,39.00,18271700
2-Dec-99,37.48,38.72,37.42,38.44,15564400
1-Dec-99,37.70,38.44,37.17,37.82,22783000
30-Nov-99,38.88,39.50,37.95,38.01,17434500
29-Nov-99,39.78,39.81,38.79,39.13,16328800
26-Nov-99,40.64,40.77,39.75,39.78,7091700
24-Nov-99,39.62,40.77,39.22,40.74,16815300
23-Nov-99,39.98,40.40,38.66,39.16,20522800
22-Nov-99,40.08,40.33,39.09,39.90,18438400
19-Nov-99,38.66,39.84,38.54,39.59,23253400
18-Nov-99,37.52,38.91,37.49,38.91,18855000
17-Nov-99,38.20,39.03,36.93,37.05,23545000
16-Nov-99,36.93,38.17,36.49,37.95,27873600
15-Nov-99,37.76,37.78,36.68,36.71,19670800
12-Nov-99,39.22,39.34,36.93,37.76,43761900
11-Nov-99,39.56,39.87,38.72,39.38,16094800
10-Nov-99,39.16,40.40,38.79,39.16,17091900
9-Nov-99,40.77,40.77,39.34,39.68,16852200
8-Nov-99,40.43,41.20,40.02,40.70,13471900
5-Nov-99,40.83,41.57,40.55,40.83,19841300
4-Nov-99,39.87,40.52,39.75,40.43,21845500
3-Nov-99,38.85,39.99,38.54,39.53,25240200
2-Nov-99,38.18,38.74,37.93,38.40,20342800
1-Nov-99,38.46,38.80,37.63,37.66,22936400
29-Oct-99,37.63,38.68,37.50,38.37,42300200
28-Oct-99,35.24,35.80,34.74,35.77,36707000
27-Oct-99,35.02,35.05,33.66,34.41,36095200
26-Oct-99,36.79,36.97,35.30,35.40,28356700
25-Oct-99,36.17,36.23,35.08,35.30,17510800
22-Oct-99,36.10,36.85,35.89,36.39,30874800
21-Oct-99,33.91,35.80,33.63,35.52,26510900
20-Oct-99,33.44,34.68,33.23,34.65,32554800
19-Oct-99,34.49,34.56,32.21,32.27,42201100
18-Oct-99,34.96,35.18,33.23,34.37,29094500
15-Oct-99,35.73,36.32,35.08,35.11,24330300
14-Oct-99,35.87,36.42,34.93,36.34,25930900
13-Oct-99,35.98,36.67,35.36,35.73,60361600
12-Oct-99,38.80,39.54,37.53,38.00,44261400
11-Oct-99,37.75,38.49,37.69,37.90,12234800
8-Oct-99,37.59,38.06,37.07,37.50,18181400
7-Oct-99,38.06,38.55,37.01,37.47,17648600
6-Oct-99,38.09,38.68,37.72,38.12,18335900
5-Oct-99,38.46,38.74,37.16,37.75,19771700
4-Oct-99,36.76,38.30,36.48,38.15,20671600
1-Oct-99,36.79,37.41,36.45,37.13,18880600
30-Sep-99,37.25,37.78,36.35,36.82,23059100
29-Sep-99,38.40,38.62,37.10,37.25,23169200
28-Sep-99,38.65,38.77,37.28,38.40,25021200
27-Sep-99,38.00,39.51,37.53,38.74,35622000
24-Sep-99,37.25,37.72,35.98,37.49,62283100
23-Sep-99,41.18,41.22,37.90,38.40,36844700
22-Sep-99,40.78,41.47,40.32,41.03,21032000
21-Sep-99,41.50,41.50,40.60,40.63,19306700
20-Sep-99,41.96,42.42,41.40,41.65,10355600
17-Sep-99,40.91,42.05,40.72,41.93,25791900
16-Sep-99,40.81,41.34,39.82,40.94,28294100
15-Sep-99,42.92,42.92,41.00,41.12,23477000
14-Sep-99,41.80,42.55,41.65,42.52,18460000
13-Sep-99,42.89,43.41,41.65,41.80,18025200
10-Sep-99,43.51,43.54,42.55,43.29,16293000
9-Sep-99,42.76,43.51,42.36,43.48,19831600
8-Sep-99,43.11,43.91,42.39,42.58,22274500
7-Sep-99,44.10,44.28,43.23,43.41,19804400
3-Sep-99,43.14,44.34,43.11,44.25,24416600
2-Sep-99,40.75,42.61,40.63,42.27,25495300
1-Sep-99,41.47,42.17,41.22,41.34,26975500
31-Aug-99,40.78,41.37,39.79,40.72,21593900
30-Aug-99,41.15,41.68,40.19,40.75,17022800
27-Aug-99,40.81,41.37,40.53,41.12,20440900
26-Aug-99,41.34,41.56,40.07,40.16,21731400
25-Aug-99,41.00,41.80,40.32,41.47,24038400
24-Aug-99,40.78,41.87,40.75,41.18,30871700
23-Aug-99,39.89,41.12,39.61,41.09,24924800
20-Aug-99,38.62,39.67,38.15,39.61,17864100
19-Aug-99,38.40,38.80,38.06,38.30,16060500
18-Aug-99,38.86,39.54,38.68,38.89,16263600
17-Aug-99,39.30,39.39,38.40,39.14,16364800
16-Aug-99,39.27,39.36,38.46,38.92,17672800
13-Aug-99,38.12,39.54,38.12,39.51,23440500
12-Aug-99,37.38,38.03,37.19,37.63,24017800
11-Aug-99,36.64,37.78,36.45,37.66,40497300
10-Aug-99,36.14,36.88,35.46,35.55,33604100
9-Aug-99,35.61,36.88,34.99,36.39,27251400
6-Aug-99,35.05,36.32,34.93,35.46,21450300
5-Aug-99,35.64,35.92,34.44,35.40,29650300
4-Aug-99,36.14,36.82,35.98,36.08,26640000
3-Aug-99,35.81,36.43,34.92,36.12,37728300
2-Aug-99,34.60,36.31,34.42,35.32,38742500
30-Jul-99,34.73,35.54,34.17,34.17,29064100
29-Jul-99,34.08,35.17,33.80,34.42,36259400
28-Jul-99,33.40,35.07,33.18,34.82,41693400
27-Jul-99,32.00,33.74,31.97,33.46,38979500
26-Jul-99,31.14,32.29,31.08,31.14,17851100
23-Jul-99,31.85,32.19,31.27,31.79,13700300
22-Jul-99,32.25,32.44,31.57,31.64,14963600
21-Jul-99,32.29,32.69,31.97,32.47,14295000
20-Jul-99,33.28,33.28,32.00,32.16,21363100
19-Jul-99,33.24,33.68,33.18,33.46,16590200
16-Jul-99,33.68,33.74,33.18,33.24,16145200
15-Jul-99,33.93,34.02,33.31,33.52,23832300
14-Jul-99,33.12,33.71,32.49,33.68,44914800
13-Jul-99,32.13,32.75,31.94,32.38,23386700
12-Jul-99,32.87,33.03,32.19,32.41,20854800
9-Jul-99,32.50,32.87,31.88,32.81,17770900
8-Jul-99,31.60,32.62,31.51,32.56,18502300
7-Jul-99,31.79,32.10,31.39,31.88,17321100
6-Jul-99,32.13,32.56,31.54,31.64,28721100
2-Jul-99,31.11,31.70,31.08,31.45,18732200
1-Jul-99,29.59,31.30,29.34,31.14,30826700
30-Jun-99,29.31,29.66,28.01,29.47,19223400
29-Jun-99,28.23,29.34,28.08,29.34,21633600
28-Jun-99,27.52,28.23,27.39,28.23,11849400
25-Jun-99,27.49,27.89,27.18,27.39,11880500
24-Jun-99,27.92,27.95,27.24,27.27,13353600
23-Jun-99,27.68,28.23,27.49,28.01,11475000
22-Jun-99,27.61,28.29,27.27,27.58,16432800
21-Jun-99,27.61,28.26,27.46,28.14,15575800
18-Jun-99,27.68,27.80,26.93,27.21,40040200
17-Jun-99,28.35,28.93,28.17,28.73,23382500
16-Jun-99,28.48,29.59,28.35,29.56,30712500
15-Jun-99,27.12,27.80,27.09,27.58,13795300
14-Jun-99,27.15,27.49,26.74,26.93,12497300
11-Jun-99,27.80,28.08,26.87,26.96,22892500
10-Jun-99,26.50,27.46,26.44,27.43,30943400
9-Jun-99,26.07,26.59,25.75,26.31,22061600
8-Jun-99,26.37,26.68,25.51,25.60,16388000
7-Jun-99,26.71,26.99,26.31,26.47,18881100
4-Jun-99,25.54,26.40,25.45,26.34,25103000
3-Jun-99,26.00,26.07,24.92,25.01,24510300
2-Jun-99,25.51,25.93,24.95,25.72,28838300
1-Jun-99,26.65,26.68,24.83,25.11,28534500
28-May-99,26.56,26.84,26.00,26.77,17482000
27-May-99,25.88,26.93,25.63,26.31,27508400
26-May-99,26.62,26.62,25.26,25.60,36620000
25-May-99,27.89,27.89,26.13,26.19,33100900
24-May-99,28.35,28.35,27.49,27.71,17838600
21-May-99,28.59,28.67,27.95,28.23,19678100
20-May-99,29.69,29.78,28.54,28.57,21314800
19-May-99,29.25,29.62,28.60,29.56,17304500
18-May-99,29.62,29.66,28.76,29.19,16385800
17-May-99,28.51,29.47,28.32,29.44,15003600
14-May-99,29.41,29.53,28.45,28.73,22635600
13-May-99,31.17,31.20,29.72,29.75,13833300
12-May-99,30.80,31.20,30.03,30.95,11840800
11-May-99,30.31,31.02,30.06,30.86,14293300
10-May-99,30.28,30.61,29.78,30.03,10610200
7-May-99,30.06,30.55,29.53,30.18,19403900
6-May-99,31.45,31.67,28.97,29.56,29018300
5-May-99,30.55,32.19,30.03,31.70,17633100
4-May-99,31.09,31.65,30.47,30.54,14610900
3-May-99,30.29,31.25,30.17,31.25,14833900
30-Apr-99,30.47,30.82,29.36,30.29,14023900
29-Apr-99,30.44,30.51,29.64,30.10,14672700
28-Apr-99,30.91,31.37,30.14,30.29,14550900
27-Apr-99,31.71,32.08,30.72,30.82,18392000
26-Apr-99,31.03,31.99,30.94,31.90,18911300
23-Apr-99,30.66,31.43,30.20,30.57,22363300
22-Apr-99,29.70,30.51,29.45,30.44,28503100
21-Apr-99,28.49,29.45,27.79,28.93,21525800
20-Apr-99,27.85,28.22,27.47,28.00,19730500
19-Apr-99,28.28,29.21,27.23,27.47,32177300
16-Apr-99,28.65,28.90,27.94,28.34,17453400
15-Apr-99,28.96,29.02,27.97,28.93,31943100
14-Apr-99,30.38,30.44,27.85,28.22,52244400
13-Apr-99,31.16,31.19,29.61,29.95,35523100
12-Apr-99,30.51,30.92,29.70,30.32,41672000
9-Apr-99,32.77,32.84,32.19,32.38,11175300
8-Apr-99,32.67,33.01,31.79,32.44,13632500
7-Apr-99,32.53,33.04,31.81,32.70,16351700
6-Apr-99,31.37,32.47,31.19,32.29,17671400
5-Apr-99,30.16,31.56,30.13,31.56,14231600
1-Apr-99,29.69,30.04,29.42,29.92,8223400
31-Mar-99,30.16,30.57,29.39,29.42,9643600
30-Mar-99,29.87,30.44,29.85,30.09,12683600
29-Mar-99,29.10,30.10,28.74,30.09,11104100
26-Mar-99,29.21,29.98,28.86,28.88,13420900
25-Mar-99,29.75,29.78,28.90,29.19,15101300
24-Mar-99,28.40,29.56,28.28,29.52,16047800
23-Mar-99,28.60,28.96,28.15,28.36,16710000
22-Mar-99,29.48,29.52,28.46,28.49,12295500
19-Mar-99,30.68,30.78,29.43,29.45,17758900
18-Mar-99,30.15,30.44,29.85,30.15,13516900
17-Mar-99,29.89,30.29,29.61,29.83,14675300
16-Mar-99,29.32,30.32,29.17,29.79,21243400
15-Mar-99,29.42,29.42,28.90,29.17,11144500
12-Mar-99,29.42,29.67,28.96,29.27,17127000
11-Mar-99,29.19,29.55,28.74,29.24,15034100
10-Mar-99,28.94,29.30,28.53,28.93,20065300
9-Mar-99,29.50,29.75,28.40,28.54,22532800
8-Mar-99,29.14,29.71,28.96,29.61,18470900
5-Mar-99,28.77,28.99,27.78,28.37,21974200
4-Mar-99,28.66,29.17,27.32,28.06,26253300
3-Mar-99,27.94,28.46,27.23,28.39,34139400
2-Mar-99,28.62,28.66,27.12,27.18,33617800
1-Mar-99,29.41,29.45,28.39,28.97,32153900
26-Feb-99,30.66,30.69,29.42,29.69,41800500
25-Feb-99,31.93,32.18,30.95,31.62,19871700
24-Feb-99,33.15,33.88,32.24,32.27,16414100
23-Feb-99,32.73,34.03,32.55,33.23,18428900
22-Feb-99,31.62,32.89,31.03,32.87,15151300
19-Feb-99,31.78,32.33,31.53,31.70,12611900
18-Feb-99,31.19,32.15,30.88,31.71,17927300
17-Feb-99,30.68,31.79,30.60,30.85,20361300
16-Feb-99,31.98,32.30,30.97,31.28,14875000
12-Feb-99,32.49,32.49,31.12,31.31,18303600
11-Feb-99,32.09,33.06,31.63,32.98,13530500
10-Feb-99,31.05,32.09,30.71,31.88,16880900
9-Feb-99,32.56,32.81,30.88,31.02,20110000
8-Feb-99,32.15,33.08,31.53,32.67,17412000
5-Feb-99,32.61,32.80,30.37,31.57,33767700
4-Feb-99,33.85,33.91,32.18,32.21,21605200
3-Feb-99,33.04,34.40,32.87,34.33,14257800
2-Feb-99,34.14,34.16,32.84,33.31,14921400
1-Feb-99,34.81,34.81,33.89,34.11,13062300
29-Jan-99,34.11,34.92,33.74,34.87,14313300
28-Jan-99,33.93,34.30,33.40,33.94,20950800
27-Jan-99,33.80,34.02,32.81,32.84,14336300
26-Jan-99,32.87,33.89,32.57,33.88,17033900
25-Jan-99,32.13,32.47,31.31,32.32,14885300
22-Jan-99,32.35,32.84,31.79,31.89,21860300
21-Jan-99,33.89,34.05,32.72,33.03,15982500
20-Jan-99,34.85,35.55,34.05,34.20,15378300
19-Jan-99,34.00,34.54,33.40,34.48,10828800
15-Jan-99,33.21,33.83,33.15,33.49,15992200
14-Jan-99,34.64,34.64,33.03,33.09,20602000
13-Jan-99,32.49,35.16,32.41,34.39,29703600
12-Jan-99,35.19,35.25,33.28,33.54,25897000
11-Jan-99,33.10,34.98,32.38,34.57,26455000
8-Jan-99,32.44,32.53,31.70,32.09,10982200
7-Jan-99,31.57,32.41,31.54,31.98,13620300
6-Jan-99,31.14,32.10,30.74,32.04,26934100
5-Jan-99,29.81,30.95,29.69,30.49,16385200
4-Jan-99,29.67,30.46,29.61,29.89,16351900
31-Dec-98,29.63,29.84,29.26,29.33,7263800
30-Dec-98,29.81,30.42,29.46,29.49,10370200
29-Dec-98,30.21,30.68,29.78,29.95,10114700
28-Dec-98,31.10,31.10,30.18,30.21,6969500
24-Dec-98,30.88,31.22,30.57,30.93,4362000
23-Dec-98,30.93,30.93,30.03,30.93,19971700
22-Dec-98,30.27,30.37,29.26,29.46,11553000
21-Dec-98,29.81,30.68,29.67,30.35,9716400
18-Dec-98,29.64,29.83,29.41,29.69,15808400
17-Dec-98,28.42,29.06,28.39,28.91,9974400
16-Dec-98,28.82,28.95,28.05,28.23,11162000
15-Dec-98,27.92,28.76,27.71,28.68,17543300
14-Dec-98,28.33,28.58,27.51,27.60,15478900
11-Dec-98,28.33,29.01,28.08,28.81,13729700
10-Dec-98,29.33,29.72,28.27,28.36,15428100
9-Dec-98,30.00,30.06,29.27,29.49,12567300
8-Dec-98,29.75,30.68,29.49,29.70,24866200
7-Dec-98,28.85,29.56,28.79,29.43,12766300
4-Dec-98,28.02,28.78,27.99,28.78,17642700
3-Dec-98,28.10,28.98,26.93,27.09,19561400
2-Dec-98,28.19,28.45,27.55,28.10,16154500
1-Dec-98,26.18,28.45,26.15,28.45,19231700
30-Nov-98,27.39,27.77,26.60,26.63,15781600
27-Nov-98,27.04,27.28,26.97,27.21,4325000
25-Nov-98,27.46,27.74,26.66,27.15,14722000
24-Nov-98,27.83,28.27,27.31,27.32,11581600
23-Nov-98,27.68,28.67,27.35,28.10,14374700
20-Nov-98,28.17,28.23,27.48,27.72,16886400
19-Nov-98,27.41,28.50,27.40,27.92,23544700
18-Nov-98,26.81,27.43,26.78,27.18,12977500
17-Nov-98,26.29,27.21,26.13,26.84,14617200
16-Nov-98,26.02,26.47,25.99,26.44,12384700
13-Nov-98,25.08,25.95,25.08,25.67,14974500
12-Nov-98,25.39,25.99,25.08,25.41,18081300
11-Nov-98,25.17,25.82,25.14,25.65,31541100
10-Nov-98,23.84,24.62,23.67,24.14,21479500
9-Nov-98,23.47,23.77,23.12,23.75,11888600
6-Nov-98,23.21,23.72,23.15,23.61,16283000
5-Nov-98,23.26,23.38,23.07,23.26,14663800
4-Nov-98,22.67,23.50,22.53,23.46,27449200
3-Nov-98,22.55,22.70,22.18,22.37,12783900
2-Nov-98,22.19,22.75,22.15,22.70,13148300
30-Oct-98,22.26,22.46,22.04,22.06,11953000
29-Oct-98,21.92,22.41,21.90,22.19,18259400
28-Oct-98,21.47,22.13,21.45,22.06,12238400
27-Oct-98,22.12,22.19,21.58,21.59,13189100
26-Oct-98,21.53,22.02,21.39,21.99,12428000
23-Oct-98,21.41,21.99,21.36,21.58,14229800
22-Oct-98,21.31,21.73,21.16,21.61,12071400
21-Oct-98,21.07,21.54,20.93,21.53,14350800
20-Oct-98,21.21,21.58,20.90,20.91,20850900
19-Oct-98,20.56,21.05,20.43,21.02,14853600
16-Oct-98,21.07,21.14,20.66,20.71,19182800
15-Oct-98,20.35,21.08,20.15,20.91,18486100
14-Oct-98,20.46,20.83,20.31,20.42,27723900
13-Oct-98,20.90,21.13,20.26,20.66,25171700
12-Oct-98,20.99,21.24,20.83,21.13,15641100
9-Oct-98,19.71,20.83,19.63,20.73,21823400
8-Oct-98,18.99,19.88,18.75,19.40,30154400
7-Oct-98,19.50,20.06,19.41,19.55,20725000
6-Oct-98,20.42,20.59,19.43,19.69,20653700
5-Oct-98,20.42,20.70,19.24,19.92,19632200
2-Oct-98,20.48,21.02,20.09,20.74,14823900
1-Oct-98,20.83,21.13,20.29,20.63,15351700
30-Sep-98,21.59,21.76,21.17,21.21,11341700
29-Sep-98,21.61,21.92,21.45,21.89,13187800
28-Sep-98,21.87,22.01,21.31,21.51,15036700
25-Sep-98,20.93,21.95,20.77,21.84,17364400
24-Sep-98,21.45,21.79,20.86,21.10,15681300
23-Sep-98,20.80,21.53,20.74,21.53,16953300
22-Sep-98,21.03,21.08,20.62,20.66,10224200
21-Sep-98,20.09,20.93,19.94,20.93,9864700
18-Sep-98,20.57,20.65,20.28,20.53,12651900
17-Sep-98,20.49,20.83,20.37,20.53,14112000
16-Sep-98,21.28,21.47,20.70,21.03,11294700
15-Sep-98,21.02,21.30,20.91,21.25,11833000
14-Sep-98,20.96,21.41,20.91,21.22,16990000
11-Sep-98,20.59,21.03,20.28,21.01,37522300
10-Sep-98,19.72,19.94,19.15,19.55,19113400
9-Sep-98,20.48,20.93,20.06,20.09,23616200
8-Sep-98,20.08,20.28,19.63,20.26,20775000
4-Sep-98,19.21,19.50,18.82,19.35,16163600
3-Sep-98,18.56,19.47,18.44,18.98,26945200
2-Sep-98,18.87,19.27,18.31,18.51,21220500
1-Sep-98,17.54,18.98,17.25,18.79,27258300
31-Aug-98,19.01,19.15,17.54,17.60,26071400
28-Aug-98,19.38,19.92,18.73,19.04,23612000
27-Aug-98,20.12,20.29,18.98,19.72,33365800
26-Aug-98,20.45,20.90,20.33,20.53,13133800
25-Aug-98,21.14,21.24,20.70,20.88,13110900
24-Aug-98,21.07,21.39,20.64,20.93,21083400
21-Aug-98,20.91,21.19,20.37,21.01,29036200
20-Aug-98,21.51,21.82,21.11,21.27,33572700
19-Aug-98,22.74,22.81,22.07,22.15,16941300
18-Aug-98,22.12,22.90,22.10,22.61,29901900
17-Aug-98,21.21,22.19,21.21,22.15,23956400
14-Aug-98,21.25,21.45,21.16,21.31,15578400
13-Aug-98,21.24,21.51,20.90,21.08,16333300
12-Aug-98,21.14,21.27,20.86,21.17,13802300
11-Aug-98,20.83,21.11,20.73,20.91,18230000
10-Aug-98,21.33,21.70,21.19,21.42,12294200
7-Aug-98,21.73,21.99,21.36,21.44,20453900
6-Aug-98,20.53,21.65,20.53,21.51,23642800
5-Aug-98,20.29,20.92,20.06,20.80,22864100
4-Aug-98,21.10,21.26,20.18,20.26,19363300
3-Aug-98,20.67,21.29,20.55,20.97,13969200
31-Jul-98,21.58,21.72,20.83,20.87,12012800
30-Jul-98,21.18,21.69,21.01,21.66,14505600
29-Jul-98,21.35,21.46,20.87,20.92,14265500
28-Jul-98,21.46,21.82,21.14,21.17,29503000
27-Jul-98,20.33,21.29,20.21,21.27,21119200
24-Jul-98,20.46,20.76,20.18,20.53,14749700
23-Jul-98,20.19,21.00,20.13,20.41,21351600
22-Jul-98,19.93,20.52,19.93,20.36,16457200
21-Jul-98,20.11,20.97,20.07,20.18,19990900
20-Jul-98,20.36,20.53,20.16,20.21,9388400
17-Jul-98,20.73,20.75,20.38,20.55,12535300
16-Jul-98,20.76,20.98,20.52,20.83,16830600
15-Jul-98,20.05,21.01,19.99,20.83,42023000
14-Jul-98,20.44,20.61,19.87,19.95,22175500
13-Jul-98,19.71,20.39,19.65,20.36,19285000
10-Jul-98,19.65,19.90,19.34,19.71,14330000
9-Jul-98,19.17,19.87,19.11,19.71,24103700
8-Jul-98,18.69,19.36,18.68,19.36,21820900
7-Jul-98,18.08,18.62,17.94,18.57,13565500
6-Jul-98,17.94,18.28,17.86,18.16,8898400
2-Jul-98,18.43,18.57,18.09,18.11,10053300
1-Jul-98,18.46,18.63,17.91,18.59,17505500
30-Jun-98,18.49,18.63,18.17,18.32,12671400
29-Jun-98,19.00,19.10,18.48,18.74,11241700
26-Jun-98,18.68,19.06,18.54,18.88,10725000
25-Jun-98,19.10,19.19,18.57,18.69,13835300
24-Jun-98,18.56,19.16,18.11,19.13,19188000
23-Jun-98,18.48,18.73,18.37,18.60,18793800
22-Jun-98,17.27,18.38,17.23,18.26,20022500
19-Jun-98,17.46,17.46,17.00,17.30,17224500
18-Jun-98,17.09,17.32,16.87,17.23,10484200
17-Jun-98,17.27,17.54,16.96,17.12,17287500
16-Jun-98,16.75,17.27,16.59,17.26,17066300
15-Jun-98,16.62,17.00,16.52,16.53,13313300
12-Jun-98,16.92,16.93,16.30,16.92,18025500
11-Jun-98,17.01,17.15,16.84,16.95,10786100
10-Jun-98,17.26,17.37,16.89,16.95,12243900
9-Jun-98,17.10,17.40,16.96,17.35,12975000
8-Jun-98,17.29,17.30,16.75,17.13,17571300
5-Jun-98,17.10,17.29,16.75,17.26,14762300
4-Jun-98,16.72,17.06,16.52,16.86,20684100
3-Jun-98,17.33,17.47,16.23,16.30,26140000
2-Jun-98,17.06,17.17,16.86,17.12,18010200
1-Jun-98,17.09,17.15,16.72,16.81,27097800
29-May-98,18.20,18.29,17.61,17.66,19309800
28-May-98,18.20,18.51,18.08,18.17,11422000
27-May-98,18.17,18.40,18.01,18.37,16380000
26-May-98,18.65,18.76,18.28,18.46,12887000
22-May-98,18.48,18.48,18.28,18.37,10282000
21-May-98,18.86,18.93,18.25,18.32,23792300
20-May-98,19.59,19.62,18.91,19.03,17264800
19-May-98,19.70,19.95,19.54,19.67,9202000
18-May-98,19.78,20.10,19.37,19.62,11153600
15-May-98,20.56,20.58,19.74,19.85,24649400
14-May-98,20.72,21.12,20.63,20.90,14013000
13-May-98,20.92,21.09,20.70,20.97,13105200
12-May-98,20.38,20.94,20.29,20.90,12122800
11-May-98,20.73,20.98,20.39,20.39,11974700
8-May-98,19.93,20.81,19.91,20.78,17099700
7-May-98,20.13,20.33,19.95,20.02,9781700
6-May-98,20.32,20.33,19.96,20.11,8252800
5-May-98,20.21,20.46,20.16,20.24,8703600
4-May-98,20.33,20.64,20.09,20.27,9147000
1-May-98,20.01,20.39,19.81,20.30,11450300
30-Apr-98,19.93,20.16,19.62,19.98,12643300
29-Apr-98,19.65,19.90,19.47,19.81,10454100
28-Apr-98,19.95,20.11,19.34,19.60,15462300
27-Apr-98,19.83,20.11,19.46,19.77,20794100
24-Apr-98,20.23,20.60,20.08,20.28,17124400
23-Apr-98,20.57,21.02,20.28,20.57,24622500
22-Apr-98,19.58,20.88,19.55,20.77,37973700
21-Apr-98,19.21,19.52,19.18,19.51,23303900
20-Apr-98,18.52,18.93,18.50,18.90,10100200
17-Apr-98,18.30,18.61,18.27,18.58,11282800
16-Apr-98,18.15,18.50,18.11,18.38,18088900
15-Apr-98,19.32,19.65,18.47,18.50,35705200
14-Apr-98,18.69,19.01,18.55,18.78,17498600
13-Apr-98,18.25,18.90,18.16,18.84,15862300
9-Apr-98,18.32,18.46,18.15,18.22,14641600
8-Apr-98,18.04,18.15,17.62,17.93,20035500
7-Apr-98,18.29,18.38,17.82,17.95,18393800
6-Apr-98,18.83,18.84,18.25,18.25,17893300
3-Apr-98,18.93,19.24,18.81,18.97,18604400
2-Apr-98,19.01,19.15,18.80,18.87,11084200
1-Apr-98,19.15,19.26,18.89,19.15,15028100
31-Mar-98,18.95,19.34,18.93,19.29,14364700
30-Mar-98,19.43,19.46,19.06,19.12,11128000
27-Mar-98,19.35,19.66,19.34,19.49,18199800
26-Mar-98,19.01,19.34,18.97,19.32,13902500
25-Mar-98,18.75,18.89,18.59,18.80,16650800
24-Mar-98,18.58,18.75,18.29,18.39,15723400
23-Mar-98,18.66,18.66,18.39,18.55,18413900
20-Mar-98,19.15,19.15,18.61,18.72,16024200
19-Mar-98,19.12,19.26,18.97,19.10,8644800
18-Mar-98,18.77,19.14,18.75,19.03,8133100
17-Mar-98,19.15,19.20,18.69,18.97,13860200
16-Mar-98,19.04,19.24,19.03,19.20,9045500
13-Mar-98,19.03,19.15,18.92,18.93,8399500
12-Mar-98,18.81,18.95,18.61,18.87,9871400
11-Mar-98,18.92,18.93,18.55,18.75,14125300
10-Mar-98,18.90,18.90,18.52,18.66,17102300
9-Mar-98,19.34,19.37,18.52,18.55,26774400
6-Mar-98,19.12,19.34,18.81,19.30,32093900
5-Mar-98,18.55,19.12,18.53,18.67,92334100
4-Mar-98,20.99,21.48,20.96,21.36,13550000
3-Mar-98,21.24,21.33,20.79,21.08,29165300
2-Mar-98,22.19,22.58,21.62,21.65,17935300
27-Feb-98,22.72,22.83,22.12,22.16,18391400
26-Feb-98,23.17,23.24,22.80,22.81,13985200
25-Feb-98,22.90,23.32,22.89,23.23,12497800
24-Feb-98,23.26,23.63,22.80,22.83,18949800
23-Feb-98,22.98,23.38,22.83,23.28,17230500
20-Feb-98,22.55,22.83,22.36,22.69,24620800
19-Feb-98,21.99,22.52,21.78,22.38,34075900
18-Feb-98,20.85,21.50,20.82,21.48,16451100
17-Feb-98,20.91,20.99,20.74,20.91,10370600
13-Feb-98,20.85,20.99,20.71,20.71,9775300
12-Feb-98,20.73,21.07,20.45,21.00,17601300
11-Feb-98,21.17,21.27,20.82,21.02,16234800
10-Feb-98,21.11,21.70,21.02,21.31,14895900
9-Feb-98,21.61,21.71,21.11,21.20,11451700
6-Feb-98,21.19,21.75,21.16,21.63,13011100
5-Feb-98,21.93,22.25,21.28,21.38,24330300
4-Feb-98,21.28,21.82,21.16,21.64,18852300
3-Feb-98,20.76,21.53,20.66,21.33,24971700
2-Feb-98,20.39,20.66,20.31,20.52,15610200
30-Jan-98,20.39,20.45,19.98,20.02,11349400
29-Jan-98,19.85,20.48,19.83,20.26,18092500
28-Jan-98,19.71,20.12,19.65,19.98,16769200
27-Jan-98,19.24,19.65,19.11,19.56,14683000
26-Jan-98,19.02,19.27,19.02,19.19,11175900
23-Jan-98,18.99,19.24,18.90,19.07,14049700
22-Jan-98,18.77,19.14,18.76,18.90,12477000
21-Jan-98,18.63,19.19,18.62,18.94,17355900
20-Jan-98,18.56,18.85,18.49,18.83,12494700
16-Jan-98,18.73,18.74,18.43,18.48,14820500
15-Jan-98,18.49,18.86,18.43,18.60,13367200
14-Jan-98,19.02,19.03,18.37,18.63,30990800
13-Jan-98,18.86,19.08,18.83,19.01,24340900
12-Jan-98,17.49,18.70,17.46,18.68,30940800
9-Jan-98,18.42,18.53,17.59,17.75,22011200
8-Jan-98,17.85,18.48,17.81,18.36,18934100
7-Jan-98,17.97,18.19,17.68,17.97,13848100
6-Jan-98,18.25,18.36,17.96,18.06,12083100
5-Jan-98,18.05,18.56,17.79,18.40,19593300
2-Jan-98,17.46,17.94,17.41,17.94,10232800
31-Dec-97,17.72,17.74,17.32,17.35,10531400
30-Dec-97,17.57,17.81,17.55,17.71,10294500
29-Dec-97,17.69,17.75,17.35,17.49,10161600
26-Dec-97,17.38,17.55,17.29,17.51,3706100
24-Dec-97,17.55,17.62,17.26,17.35,5508400
23-Dec-97,17.65,17.97,17.30,17.34,11101400
22-Dec-97,17.97,18.14,17.54,17.65,18902500
19-Dec-97,16.80,17.32,16.64,17.29,27270800
18-Dec-97,17.26,17.29,16.76,17.07,23462200
17-Dec-97,17.89,17.94,17.12,17.17,19322800
16-Dec-97,18.00,18.20,17.41,17.58,15339100
15-Dec-97,17.35,18.23,17.07,17.81,27136400
12-Dec-97,17.85,17.97,17.31,17.41,19648300
11-Dec-97,18.05,18.22,17.72,17.74,22512300
10-Dec-97,18.54,18.65,18.00,18.45,20422000
9-Dec-97,19.27,19.42,18.64,18.68,16065800
8-Dec-97,19.30,19.56,19.16,19.38,10053800
5-Dec-97,18.93,19.33,18.86,19.16,13446400
4-Dec-97,19.51,19.54,18.77,18.94,20559400
3-Dec-97,19.21,19.56,18.80,19.39,13785500
2-Dec-97,19.99,20.01,19.05,19.28,17083800
1-Dec-97,19.39,20.19,19.31,20.13,17280800
28-Nov-97,18.99,19.24,18.83,19.17,3489100
26-Nov-97,18.97,19.14,18.86,18.93,8311600
25-Nov-97,19.28,19.30,18.77,18.88,17660300
24-Nov-97,19.68,19.98,19.30,19.30,14184100
21-Nov-97,20.19,20.19,19.68,19.82,14490300
20-Nov-97,19.64,20.10,19.45,19.98,13482000
19-Nov-97,19.42,19.71,19.31,19.53,10763900
18-Nov-97,19.82,19.91,19.41,19.45,11092300
17-Nov-97,19.76,20.04,19.64,19.87,14034400
14-Nov-97,19.34,19.54,18.99,19.45,12812700
13-Nov-97,18.79,19.27,18.46,19.25,17885600
12-Nov-97,18.74,19.27,18.46,18.51,20072200
11-Nov-97,18.56,19.11,18.53,18.83,10484700
10-Nov-97,19.10,19.33,18.50,18.56,19765200
7-Nov-97,17.86,19.27,17.79,19.13,39809200
6-Nov-97,18.51,18.51,18.02,18.16,22862000
5-Nov-97,19.02,19.02,18.37,18.43,25429700
4-Nov-97,19.42,19.64,18.56,18.76,24884200
3-Nov-97,19.38,19.51,19.17,19.39,16647700
31-Oct-97,19.33,19.36,18.83,19.02,21968600
30-Oct-97,19.21,19.51,18.68,18.71,26569100
29-Oct-97,20.53,20.56,19.58,19.82,32989100
28-Oct-97,19.68,21.42,17.10,20.99,51950200
27-Oct-97,19.42,19.69,18.26,18.46,26291600
24-Oct-97,20.56,20.62,19.32,19.75,30697300
23-Oct-97,20.25,20.65,19.94,20.22,23373700
22-Oct-97,21.20,21.27,20.71,20.73,12666400
21-Oct-97,21.22,21.22,20.96,21.02,15069700
20-Oct-97,20.80,21.02,20.52,20.76,18510500
17-Oct-97,20.90,21.02,20.22,20.50,24587200
16-Oct-97,21.61,21.62,20.90,21.08,22548600
15-Oct-97,21.13,21.54,21.11,21.41,66293400
14-Oct-97,22.87,22.96,22.24,22.67,21931400
13-Oct-97,23.09,23.12,22.66,22.86,11603800
10-Oct-97,23.24,23.27,22.96,22.96,9920900
9-Oct-97,23.24,23.52,23.12,23.38,10552200
8-Oct-97,23.33,23.46,23.10,23.35,12158400
7-Oct-97,23.24,23.61,23.12,23.52,10636900
6-Oct-97,23.24,23.40,23.01,23.09,9933100
3-Oct-97,23.40,23.40,22.78,23.04,10901600
2-Oct-97,23.10,23.16,22.64,22.99,7084100
1-Oct-97,22.90,23.06,22.38,23.03,18523900
30-Sep-97,23.43,23.46,22.78,22.79,15508300
29-Sep-97,23.13,23.71,23.06,23.55,6991300
26-Sep-97,23.24,23.24,22.93,22.98,13093600
25-Sep-97,23.40,23.75,22.96,22.99,13617200
24-Sep-97,24.45,24.48,23.55,23.61,15169700
23-Sep-97,23.92,24.51,23.86,24.48,14362500
22-Sep-97,23.60,24.12,23.55,23.80,11003300
19-Sep-97,23.52,23.61,23.41,23.57,11320900
18-Sep-97,23.72,24.08,23.43,23.46,9259100
17-Sep-97,23.98,24.14,23.46,23.62,17699400
16-Sep-97,22.96,23.80,22.84,23.66,14928000
15-Sep-97,23.26,23.57,22.72,22.73,8309400
12-Sep-97,23.26,23.40,23.09,23.27,10633800
11-Sep-97,23.43,23.71,23.03,23.52,12826300
10-Sep-97,24.04,24.24,23.58,23.58,13817500
9-Sep-97,23.75,24.15,23.71,24.14,14184700
8-Sep-97,23.63,23.91,23.52,23.69,10090200
5-Sep-97,23.64,23.77,23.30,23.35,9853600
4-Sep-97,23.15,23.67,23.09,23.36,11735600
3-Sep-97,23.46,23.71,23.15,23.16,11520300
2-Sep-97,22.99,23.58,22.96,23.47,12734200
29-Aug-97,22.66,23.06,22.59,22.75,9726100
28-Aug-97,22.81,23.27,22.49,22.81,14658400
27-Aug-97,22.73,23.24,22.69,23.23,11135600
26-Aug-97,23.09,23.27,22.86,22.89,11511100
25-Aug-97,23.60,23.86,23.09,23.26,16424200
22-Aug-97,22.66,23.77,22.64,23.75,30052700
21-Aug-97,24.91,24.91,24.12,24.29,15705200
20-Aug-97,24.32,24.88,24.04,24.82,15665800
19-Aug-97,23.71,24.26,23.55,24.18,17023100
18-Aug-97,22.66,23.40,22.19,23.35,20022200
15-Aug-97,23.55,23.64,22.72,22.75,16662300
14-Aug-97,23.92,24.01,23.47,23.67,12044200
13-Aug-97,24.01,24.23,23.27,23.80,15975300
12-Aug-97,23.98,24.35,23.46,23.53,11990500
11-Aug-97,24.01,24.17,23.15,23.73,18355500
8-Aug-97,24.29,24.64,23.67,24.15,20845300
7-Aug-97,25.06,25.14,24.69,24.71,15705300
6-Aug-97,24.77,25.19,24.31,24.71,18564800
5-Aug-97,24.12,24.72,23.92,24.62,21571700
4-Aug-97,23.09,23.95,22.93,23.89,17397200
1-Aug-97,22.90,23.29,22.35,23.12,21850500
31-Jul-97,22.27,22.75,22.02,22.67,17792000
30-Jul-97,21.61,22.31,21.54,22.07,10510300
29-Jul-97,21.63,21.85,21.44,21.75,9580500
28-Jul-97,22.03,22.15,21.71,21.86,7770300
25-Jul-97,22.15,22.49,21.81,22.02,12390000
24-Jul-97,21.97,22.37,21.81,22.15,12212300
23-Jul-97,22.12,22.40,21.97,22.05,16647000
22-Jul-97,21.12,21.95,21.08,21.91,15839400
21-Jul-97,21.28,21.35,20.87,21.15,14282700
18-Jul-97,21.41,21.63,20.92,21.34,22443300
17-Jul-97,21.78,22.14,21.26,21.68,25740300
16-Jul-97,21.32,21.94,20.92,21.81,47210800
15-Jul-97,19.93,20.23,19.67,19.97,34414100
14-Jul-97,19.07,19.50,18.95,19.44,22755800
11-Jul-97,18.58,19.01,18.50,18.98,11080300
10-Jul-97,18.82,18.95,18.48,18.53,13086100
9-Jul-97,18.64,19.08,18.64,18.84,16805300
8-Jul-97,18.24,18.56,18.05,18.47,11080200
7-Jul-97,17.98,18.39,17.94,18.19,10132500
3-Jul-97,17.85,17.93,17.65,17.89,8708900
2-Jul-97,17.28,17.67,17.16,17.65,15863900
1-Jul-97,17.53,17.54,17.11,17.16,15012800
30-Jun-97,17.60,17.72,17.37,17.50,9255000
27-Jun-97,17.90,17.91,17.53,17.56,10405300
26-Jun-97,17.94,18.10,17.73,17.73,11168000
25-Jun-97,18.36,18.38,18.00,18.10,8954200
24-Jun-97,18.08,18.34,17.92,18.27,7485600
23-Jun-97,18.02,18.17,17.91,17.92,6903400
20-Jun-97,18.07,18.35,18.02,18.11,8863800
19-Jun-97,18.08,18.20,17.87,18.07,8399700
18-Jun-97,18.20,18.33,18.03,18.09,9690500
17-Jun-97,18.18,18.53,18.08,18.48,10595500
16-Jun-97,17.97,18.19,17.85,18.17,6789500
13-Jun-97,17.76,18.14,17.56,17.87,15004800
12-Jun-97,17.65,17.96,17.53,17.73,18394800
11-Jun-97,17.93,18.25,17.54,18.20,13014700
10-Jun-97,18.32,18.39,17.85,17.92,13703600
9-Jun-97,18.25,18.48,18.25,18.42,11999100
6-Jun-97,17.76,18.13,17.65,18.02,10714400
5-Jun-97,17.82,17.96,17.60,17.67,14114100
4-Jun-97,17.99,18.27,17.43,17.59,21668400
3-Jun-97,18.33,18.33,17.88,17.90,22354100
2-Jun-97,19.01,19.08,18.41,18.48,23308400
30-May-97,17.59,18.96,17.28,18.70,57380600
29-May-97,20.66,20.67,20.10,20.21,11678800
28-May-97,20.94,20.95,20.43,20.63,13781100
27-May-97,20.16,20.91,20.06,20.90,13258800
23-May-97,20.09,20.24,19.93,20.14,5423900
22-May-97,20.09,20.21,19.72,19.92,8933900
21-May-97,20.18,20.38,19.99,20.06,13160300
20-May-97,19.19,19.89,19.19,19.87,11762000
19-May-97,19.16,19.35,18.88,19.10,6704700
16-May-97,19.35,19.51,19.13,19.15,10674500
15-May-97,18.96,19.58,18.87,19.52,11514800
14-May-97,18.45,18.87,18.04,18.85,24004400
13-May-97,19.50,19.56,18.64,18.81,19212800
12-May-97,19.76,19.81,19.52,19.64,8509200
9-May-97,19.86,19.93,19.47,19.69,11647700
8-May-97,19.15,19.79,19.13,19.59,12472000
7-May-97,19.25,19.75,19.22,19.24,10215500
6-May-97,19.83,19.87,19.42,19.50,12929700
5-May-97,19.56,20.06,19.45,20.06,13092200
2-May-97,19.10,19.45,19.01,19.45,9662500
1-May-97,18.93,19.12,18.75,18.98,12113300
30-Apr-97,18.45,18.95,18.44,18.90,15323900
29-Apr-97,18.41,18.53,18.27,18.51,10544200
28-Apr-97,17.80,18.14,17.67,18.06,10026700
25-Apr-97,17.80,18.00,17.75,17.75,9957300
24-Apr-97,18.29,18.40,18.03,18.03,14766700
23-Apr-97,17.43,18.09,17.38,18.04,15151100
22-Apr-97,17.10,17.43,16.96,17.38,10148900
21-Apr-97,16.90,17.29,16.81,17.07,11203900
18-Apr-97,17.32,17.32,16.90,16.92,13364100
17-Apr-97,16.69,17.14,16.59,17.03,16373300
16-Apr-97,16.16,16.59,16.15,16.53,12552800
15-Apr-97,16.30,16.47,15.82,16.16,24964800
14-Apr-97,16.30,16.52,16.09,16.50,19353800
11-Apr-97,16.69,16.69,16.01,16.10,24070800
10-Apr-97,17.61,17.61,16.91,16.93,15402000
9-Apr-97,18.20,18.29,17.52,17.55,10215000
8-Apr-97,17.95,18.11,17.81,18.09,10595300
7-Apr-97,18.01,18.40,17.88,17.91,12370800
4-Apr-97,17.26,17.94,17.23,17.89,15668800
3-Apr-97,16.81,17.40,16.80,17.35,12864800
2-Apr-97,17.14,17.20,16.84,16.90,12825200
1-Apr-97,16.98,17.24,16.95,17.19,11352200
31-Mar-97,17.12,17.30,16.90,17.17,13475900
27-Mar-97,17.58,17.75,16.93,17.17,17580900
26-Mar-97,16.63,17.37,16.56,17.35,15970300
25-Mar-97,16.19,16.66,16.04,16.44,14452300
24-Mar-97,15.99,16.18,15.52,16.12,21240200
21-Mar-97,16.49,16.56,16.09,16.10,10305000
20-Mar-97,16.49,16.69,16.19,16.44,13473600
19-Mar-97,16.72,16.78,16.29,16.46,16869100
18-Mar-97,16.93,17.03,16.64,16.87,11904500
17-Mar-97,16.80,16.87,16.21,16.83,20185200
14-Mar-97,17.54,17.67,16.96,17.01,10205300
13-Mar-97,17.47,17.70,17.27,17.43,11363600
12-Mar-97,17.66,17.75,17.27,17.61,12303300
11-Mar-97,17.84,18.03,17.70,17.75,10125200
10-Mar-97,17.67,17.98,17.46,17.86,10266900
7-Mar-97,18.08,18.26,17.58,17.70,10780500
6-Mar-97,18.45,18.54,17.91,17.94,14454100
5-Mar-97,18.26,18.46,18.21,18.45,12453400
4-Mar-97,18.09,18.46,18.01,18.06,15035900
3-Mar-97,17.41,18.01,17.33,18.00,10318600
28-Feb-97,17.21,17.84,16.90,17.51,18723000
27-Feb-97,18.03,18.04,17.23,17.24,12666300
26-Feb-97,18.32,18.35,17.86,18.06,11839800
25-Feb-97,18.60,18.68,18.20,18.37,12398400
24-Feb-97,17.75,18.45,17.55,18.40,16498800
21-Feb-97,18.45,18.46,17.94,18.06,15939800
20-Feb-97,18.78,18.88,18.43,18.49,16125000
19-Feb-97,19.02,19.22,18.91,18.99,6903800
18-Feb-97,19.03,19.14,18.77,19.08,7506600
14-Feb-97,19.26,19.37,18.94,19.06,8666600
13-Feb-97,19.49,19.62,19.25,19.37,12063800
12-Feb-97,18.72,19.37,18.57,19.34,14094400
11-Feb-97,19.02,19.09,18.08,18.72,18980500
10-Feb-97,19.46,19.57,18.63,18.71,15790500
7-Feb-97,19.15,19.40,19.03,19.29,14746100
6-Feb-97,19.36,19.42,18.60,18.89,22551100
5-Feb-97,20.10,20.11,19.12,19.40,23503900
4-Feb-97,20.27,20.34,20.03,20.33,11173000
3-Feb-97,20.17,20.36,19.99,20.22,9669400
31-Jan-97,19.82,20.23,19.77,20.02,12581400
30-Jan-97,19.33,19.77,19.22,19.76,11021600
29-Jan-97,18.82,19.09,18.69,19.09,9298400
28-Jan-97,18.83,18.96,18.47,18.62,7358400
27-Jan-97,18.61,18.78,18.41,18.52,8692300
24-Jan-97,18.75,19.07,18.55,18.56,14296300
23-Jan-97,18.90,19.23,18.70,18.72,12390600
22-Jan-97,18.32,18.78,18.10,18.76,11062000
21-Jan-97,17.90,18.30,17.87,18.26,8072700
20-Jan-97,17.81,18.00,17.76,17.92,7335600
17-Jan-97,17.51,17.93,17.51,17.77,12248300
16-Jan-97,17.73,18.01,17.52,17.56,16674200
15-Jan-97,18.19,18.24,17.45,17.51,28431600
14-Jan-97,18.24,18.47,18.07,18.15,14236400
13-Jan-97,17.98,18.23,17.76,18.12,14577800
10-Jan-97,17.53,17.85,17.45,17.82,13993100
9-Jan-97,17.68,17.76,17.48,17.64,9681700
8-Jan-97,17.76,17.96,17.49,17.55,15693800
7-Jan-97,17.09,17.70,16.90,17.68,12024400
6-Jan-97,17.16,17.48,16.99,17.13,15073600
3-Jan-97,16.40,17.08,16.36,17.07,11959400
2-Jan-97,16.25,16.28,15.74,16.08,12207700
